match_id,date,time,visitor,home
1,2025-10-07,5:00 PM,Chicago Blackhawks,Florida Panthers
2,2025-10-07,10:30 PM,Colorado Avalanche,Los Angeles Kings
3,2025-10-07,8:00 PM,Pittsburgh Penguins,New York Rangers
4,2025-10-08,10:00 PM,Calgary Flames,Edmonton Oilers
5,2025-10-08,7:00 PM,Montreal Canadiens,Toronto Maple Leafs
6,2025-10-08,10:00 PM,Los Angeles Kings,Vegas Golden Knights
7,2025-10-08,7:30 PM,Boston Bruins,Washington Capitals
8,2025-10-09,7:00 PM,Chicago Blackhawks,Boston Bruins
9,2025-10-09,7:00 PM,New York Rangers,Buffalo Sabres
10,2025-10-09,7:30 PM,New Jersey Devils,Carolina Hurricanes
11,2025-10-09,9:00 PM,Utah Mammoth,Colorado Avalanche
12,2025-10-09,7:00 PM,Montreal Canadiens,Detroit Red Wings
13,2025-10-09,7:00 PM,Philadelphia Flyers,Florida Panthers
14,2025-10-09,8:00 PM,Columbus Blue Jackets,Nashville Predators
15,2025-10-09,7:00 PM,New York Islanders,Pittsburgh Penguins
16,2025-10-09,10:00 PM,Anaheim Ducks,Seattle Kraken
17,2025-10-09,10:00 PM,Vegas Golden Knights,San Jose Sharks
18,2025-10-09,8:00 PM,Minnesota Wild,St. Louis Blues
19,2025-10-09,7:00 PM,Ottawa Senators,Tampa Bay Lightning
20,2025-10-09,10:00 PM,Calgary Flames,Vancouver Canucks
21,2025-10-09,8:00 PM,Dallas Stars,Winnipeg Jets
22,2025-10-11,7:00 PM,Buffalo Sabres,Boston Bruins
23,2025-10-11,7:00 PM,Philadelphia Flyers,Carolina Hurricanes
24,2025-10-11,4:00 PM,St. Louis Blues,Calgary Flames
25,2025-10-11,7:00 PM,Montreal Canadiens,Chicago Blackhawks
26,2025-10-11,9:00 PM,Dallas Stars,Colorado Avalanche
27,2025-10-11,7:00 PM,Toronto Maple Leafs,Detroit Red Wings
28,2025-10-11,10:00 PM,Vancouver Canucks,Edmonton Oilers
29,2025-10-11,7:00 PM,Ottawa Senators,Florida Panthers
30,2025-10-11,8:00 PM,Columbus Blue Jackets,Minnesota Wild
31,2025-10-11,8:00 PM,Utah Mammoth,Nashville Predators
32,2025-10-11,7:00 PM,Washington Capitals,New York Islanders
33,2025-10-11,7:00 PM,New York Rangers,Pittsburgh Penguins
34,2025-10-11,10:00 PM,Vegas Golden Knights,Seattle Kraken
35,2025-10-11,10:00 PM,Anaheim Ducks,San Jose Sharks
36,2025-10-11,7:00 PM,New Jersey Devils,Tampa Bay Lightning
37,2025-10-11,1:30 PM,Los Angeles Kings,Winnipeg Jets
38,2025-10-12,7:00 PM,Washington Capitals,New York Rangers
39,2025-10-13,1:00 PM,Tampa Bay Lightning,Boston Bruins
40,2025-10-13,12:30 PM,Colorado Avalanche,Buffalo Sabres
41,2025-10-13,7:00 PM,New Jersey Devils,Columbus Blue Jackets
42,2025-10-13,8:30 PM,Utah Mammoth,Chicago Blackhawks
43,2025-10-13,8:00 PM,Los Angeles Kings,Minnesota Wild
44,2025-10-13,1:00 PM,Winnipeg Jets,New York Islanders
45,2025-10-13,1:00 PM,Nashville Predators,Ottawa Senators
46,2025-10-13,7:00 PM,Florida Panthers,Philadelphia Flyers
47,2025-10-13,2:00 PM,Detroit Red Wings,Toronto Maple Leafs
48,2025-10-13,7:30 PM,St. Louis Blues,Vancouver Canucks
49,2025-10-14,10:30 PM,Pittsburgh Penguins,Anaheim Ducks
50,2025-10-14,9:00 PM,Vegas Golden Knights,Calgary Flames
51,2025-10-14,9:30 PM,Minnesota Wild,Dallas Stars
52,2025-10-14,7:00 PM,Seattle Kraken,Montreal Canadiens
53,2025-10-14,7:00 PM,Edmonton Oilers,New York Rangers
54,2025-10-14,10:00 PM,Carolina Hurricanes,San Jose Sharks
55,2025-10-14,7:00 PM,Nashville Predators,Toronto Maple Leafs
56,2025-10-14,7:00 PM,Tampa Bay Lightning,Washington Capitals
57,2025-10-15,7:00 PM,Ottawa Senators,Buffalo Sabres
58,2025-10-15,7:00 PM,Florida Panthers,Detroit Red Wings
59,2025-10-15,9:30 PM,Chicago Blackhawks,St. Louis Blues
60,2025-10-15,9:30 PM,Calgary Flames,Utah Mammoth
61,2025-10-16,10:00 PM,Carolina Hurricanes,Anaheim Ducks
62,2025-10-16,7:00 PM,Colorado Avalanche,Columbus Blue Jackets
63,2025-10-16,8:00 PM,Vancouver Canucks,Dallas Stars
64,2025-10-16,10:00 PM,Pittsburgh Penguins,Los Angeles Kings
65,2025-10-16,7:00 PM,Nashville Predators,Montreal Canadiens
66,2025-10-16,7:00 PM,Florida Panthers,New Jersey Devils
67,2025-10-16,7:30 PM,Edmonton Oilers,New York Islanders
68,2025-10-16,7:00 PM,Seattle Kraken,Ottawa Senators
69,2025-10-16,7:00 PM,Winnipeg Jets,Philadelphia Flyers
70,2025-10-16,7:00 PM,New York Rangers,Toronto Maple Leafs
71,2025-10-16,10:00 PM,Boston Bruins,Vegas Golden Knights
72,2025-10-17,8:30 PM,Vancouver Canucks,Chicago Blackhawks
73,2025-10-17,7:00 PM,Tampa Bay Lightning,Detroit Red Wings
74,2025-10-17,9:00 PM,San Jose Sharks,Utah Mammoth
75,2025-10-17,7:00 PM,Minnesota Wild,Washington Capitals
76,2025-10-18,1:00 PM,Florida Panthers,Buffalo Sabres
77,2025-10-18,7:00 PM,Tampa Bay Lightning,Columbus Blue Jackets
78,2025-10-18,9:00 PM,Boston Bruins,Colorado Avalanche
79,2025-10-18,9:00 PM,Carolina Hurricanes,Los Angeles Kings
80,2025-10-18,7:00 PM,New York Rangers,Montreal Canadiens
81,2025-10-18,3:30 PM,Edmonton Oilers,New Jersey Devils
82,2025-10-18,3:00 PM,New York Islanders,Ottawa Senators
83,2025-10-18,7:00 PM,Minnesota Wild,Philadelphia Flyers
84,2025-10-18,10:00 PM,Pittsburgh Penguins,San Jose Sharks
85,2025-10-18,7:00 PM,Dallas Stars,St. Louis Blues
86,2025-10-18,7:00 PM,Seattle Kraken,Toronto Maple Leafs
87,2025-10-18,10:00 PM,Calgary Flames,Vegas Golden Knights
88,2025-10-18,7:00 PM,Nashville Predators,Winnipeg Jets
89,2025-10-19,7:00 PM,Anaheim Ducks,Chicago Blackhawks
90,2025-10-19,3:00 PM,Edmonton Oilers,Detroit Red Wings
91,2025-10-19,7:00 PM,Boston Bruins,Utah Mammoth
92,2025-10-19,12:30 PM,Vancouver Canucks,Washington Capitals
93,2025-10-20,9:30 PM,Winnipeg Jets,Calgary Flames
94,2025-10-20,7:30 PM,Buffalo Sabres,Montreal Canadiens
95,2025-10-20,7:00 PM,Minnesota Wild,New York Rangers
96,2025-10-20,7:00 PM,Seattle Kraken,Philadelphia Flyers
97,2025-10-20,10:00 PM,Carolina Hurricanes,Vegas Golden Knights
98,2025-10-21,7:30 PM,Florida Panthers,Boston Bruins
99,2025-10-21,8:00 PM,Columbus Blue Jackets,Dallas Stars
100,2025-10-21,8:00 PM,Anaheim Ducks,Nashville Predators
101,2025-10-21,7:00 PM,San Jose Sharks,New York Islanders
102,2025-10-21,7:00 PM,Edmonton Oilers,Ottawa Senators
103,2025-10-21,7:00 PM,Vancouver Canucks,Pittsburgh Penguins
104,2025-10-21,8:00 PM,Los Angeles Kings,St. Louis Blues
105,2025-10-21,7:00 PM,New Jersey Devils,Toronto Maple Leafs
106,2025-10-21,10:00 PM,Colorado Avalanche,Utah Mammoth
107,2025-10-21,7:00 PM,Seattle Kraken,Washington Capitals
108,2025-10-22,7:30 PM,Detroit Red Wings,Buffalo Sabres
109,2025-10-22,8:30 PM,Montreal Canadiens,Calgary Flames
110,2025-10-22,7:00 PM,Minnesota Wild,New Jersey Devils
111,2025-10-23,7:00 PM,Anaheim Ducks,Boston Bruins
112,2025-10-23,9:00 PM,Carolina Hurricanes,Colorado Avalanche
113,2025-10-23,9:00 PM,Los Angeles Kings,Dallas Stars
114,2025-10-23,9:00 PM,Montreal Canadiens,Edmonton Oilers
115,2025-10-23,7:00 PM,Pittsburgh Penguins,Florida Panthers
116,2025-10-23,8:00 PM,Vancouver Canucks,Nashville Predators
117,2025-10-23,7:00 PM,Detroit Red Wings,New York Islanders
118,2025-10-23,7:00 PM,San Jose Sharks,New York Rangers
119,2025-10-23,7:00 PM,Philadelphia Flyers,Ottawa Senators
120,2025-10-23,8:00 PM,Utah Mammoth,St. Louis Blues
121,2025-10-23,6:45 PM,Chicago Blackhawks,Tampa Bay Lightning
122,2025-10-23,8:00 PM,Seattle Kraken,Winnipeg Jets
123,2025-10-24,7:00 PM,Toronto Maple Leafs,Buffalo Sabres
124,2025-10-24,7:00 PM,Washington Capitals,Columbus Blue Jackets
125,2025-10-24,7:00 PM,San Jose Sharks,New Jersey Devils
126,2025-10-24,8:00 PM,Calgary Flames,Winnipeg Jets
127,2025-10-25,3:00 PM,Colorado Avalanche,Boston Bruins
128,2025-10-25,8:00 PM,Carolina Hurricanes,Dallas Stars
129,2025-10-25,7:00 PM,St. Louis Blues,Detroit Red Wings
130,2025-10-25,6:00 PM,Vegas Golden Knights,Florida Panthers
131,2025-10-25,6:00 PM,Utah Mammoth,Minnesota Wild
132,2025-10-25,8:00 PM,Los Angeles Kings,Nashville Predators
133,2025-10-25,12:30 PM,New York Islanders,Philadelphia Flyers
134,2025-10-25,7:00 PM,Columbus Blue Jackets,Pittsburgh Penguins
135,2025-10-25,10:00 PM,Edmonton Oilers,Seattle Kraken
136,2025-10-25,5:00 PM,Anaheim Ducks,Tampa Bay Lightning
137,2025-10-25,5:00 PM,Buffalo Sabres,Toronto Maple Leafs
138,2025-10-25,7:00 PM,Montreal Canadiens,Vancouver Canucks
139,2025-10-25,7:00 PM,Ottawa Senators,Washington Capitals
140,2025-10-26,8:00 PM,New York Rangers,Calgary Flames
141,2025-10-26,7:00 PM,Los Angeles Kings,Chicago Blackhawks
142,2025-10-26,6:00 PM,San Jose Sharks,Minnesota Wild
143,2025-10-26,1:00 PM,Colorado Avalanche,New Jersey Devils
144,2025-10-26,7:00 PM,Dallas Stars,Nashville Predators
145,2025-10-26,5:00 PM,Vegas Golden Knights,Tampa Bay Lightning
146,2025-10-26,10:00 PM,Edmonton Oilers,Vancouver Canucks
147,2025-10-26,6:00 PM,Utah Mammoth,Winnipeg Jets
148,2025-10-27,7:30 PM,Boston Bruins,Ottawa Senators
149,2025-10-27,7:00 PM,St. Louis Blues,Pittsburgh Penguins
150,2025-10-28,7:15 PM,New York Islanders,Boston Bruins
151,2025-10-28,6:45 PM,Columbus Blue Jackets,Buffalo Sabres
152,2025-10-28,6:30 PM,Vegas Golden Knights,Carolina Hurricanes
153,2025-10-28,8:45 PM,Ottawa Senators,Chicago Blackhawks
154,2025-10-28,9:00 PM,New Jersey Devils,Colorado Avalanche
155,2025-10-28,8:30 PM,Washington Capitals,Dallas Stars
156,2025-10-28,9:30 PM,Utah Mammoth,Edmonton Oilers
157,2025-10-28,7:00 PM,Anaheim Ducks,Florida Panthers
158,2025-10-28,8:00 PM,Winnipeg Jets,Minnesota Wild
159,2025-10-28,7:45 PM,Tampa Bay Lightning,Nashville Predators
160,2025-10-28,6:00 PM,Pittsburgh Penguins,Philadelphia Flyers
161,2025-10-28,10:30 PM,Montreal Canadiens,Seattle Kraken
162,2025-10-28,11:00 PM,Los Angeles Kings,San Jose Sharks
163,2025-10-28,8:15 PM,Detroit Red Wings,St. Louis Blues
164,2025-10-28,6:00 PM,Calgary Flames,Toronto Maple Leafs
165,2025-10-28,10:00 PM,New York Rangers,Vancouver Canucks
166,2025-10-29,7:30 PM,Toronto Maple Leafs,Columbus Blue Jackets
167,2025-10-30,7:00 PM,Buffalo Sabres,Boston Bruins
168,2025-10-30,7:30 PM,New York Islanders,Carolina Hurricanes
169,2025-10-30,9:00 PM,New York Rangers,Edmonton Oilers
170,2025-10-30,10:30 PM,Detroit Red Wings,Los Angeles Kings
171,2025-10-30,8:00 PM,Pittsburgh Penguins,Minnesota Wild
172,2025-10-30,7:00 PM,Calgary Flames,Ottawa Senators
173,2025-10-30,7:00 PM,Nashville Predators,Philadelphia Flyers
174,2025-10-30,10:00 PM,New Jersey Devils,San Jose Sharks
175,2025-10-30,8:00 PM,Vancouver Canucks,St. Louis Blues
176,2025-10-30,7:00 PM,Dallas Stars,Tampa Bay Lightning
177,2025-10-30,8:00 PM,Chicago Blackhawks,Winnipeg Jets
178,2025-10-31,10:00 PM,Detroit Red Wings,Anaheim Ducks
179,2025-10-31,4:00 PM,Colorado Avalanche,Vegas Golden Knights
180,2025-10-31,7:00 PM,New York Islanders,Washington Capitals
181,2025-11-01,1:00 PM,Carolina Hurricanes,Boston Bruins
182,2025-11-01,7:00 PM,Washington Capitals,Buffalo Sabres
183,2025-11-01,7:00 PM,St. Louis Blues,Columbus Blue Jackets
184,2025-11-01,10:00 PM,Chicago Blackhawks,Edmonton Oilers
185,2025-11-01,6:00 PM,Dallas Stars,Florida Panthers
186,2025-11-01,9:00 PM,New Jersey Devils,Los Angeles Kings
187,2025-11-01,7:00 PM,Vancouver Canucks,Minnesota Wild
188,2025-11-01,7:00 PM,Ottawa Senators,Montreal Canadiens
189,2025-11-01,3:30 PM,Calgary Flames,Nashville Predators
190,2025-11-01,7:00 PM,Toronto Maple Leafs,Philadelphia Flyers
191,2025-11-01,10:00 PM,New York Rangers,Seattle Kraken
192,2025-11-01,4:00 PM,Colorado Avalanche,San Jose Sharks
193,2025-11-01,3:00 PM,Pittsburgh Penguins,Winnipeg Jets
194,2025-11-02,8:00 PM,New Jersey Devils,Anaheim Ducks
195,2025-11-02,5:00 PM,Columbus Blue Jackets,New York Islanders
196,2025-11-02,7:00 PM,Calgary Flames,Philadelphia Flyers
197,2025-11-02,8:00 PM,Detroit Red Wings,San Jose Sharks
198,2025-11-02,3:30 PM,Tampa Bay Lightning,Utah Mammoth
199,2025-11-03,8:30 PM,Vancouver Canucks,Nashville Predators
200,2025-11-03,10:00 PM,Chicago Blackhawks,Seattle Kraken
201,2025-11-03,8:30 PM,Edmonton Oilers,St. Louis Blues
202,2025-11-03,7:30 PM,Pittsburgh Penguins,Toronto Maple Leafs
203,2025-11-04,10:00 PM,Florida Panthers,Anaheim Ducks
204,2025-11-04,7:00 PM,Utah Mammoth,Buffalo Sabres
205,2025-11-04,9:30 PM,Tampa Bay Lightning,Colorado Avalanche
206,2025-11-04,8:00 PM,Edmonton Oilers,Dallas Stars
207,2025-11-04,10:30 PM,Winnipeg Jets,Los Angeles Kings
208,2025-11-04,8:00 PM,Nashville Predators,Minnesota Wild
209,2025-11-04,7:00 PM,Philadelphia Flyers,Montreal Canadiens
210,2025-11-04,7:00 PM,Boston Bruins,New York Islanders
211,2025-11-04,7:00 PM,Carolina Hurricanes,New York Rangers
212,2025-11-04,10:00 PM,Detroit Red Wings,Vegas Golden Knights
213,2025-11-05,9:30 PM,Columbus Blue Jackets,Calgary Flames
214,2025-11-05,10:00 PM,San Jose Sharks,Seattle Kraken
215,2025-11-05,7:00 PM,Utah Mammoth,Toronto Maple Leafs
216,2025-11-05,10:00 PM,Chicago Blackhawks,Vancouver Canucks
217,2025-11-05,7:30 PM,St. Louis Blues,Washington Capitals
218,2025-11-06,7:00 PM,Ottawa Senators,Boston Bruins
219,2025-11-06,7:00 PM,St. Louis Blues,Buffalo Sabres
220,2025-11-06,7:00 PM,Minnesota Wild,Carolina Hurricanes
221,2025-11-06,8:00 PM,Anaheim Ducks,Dallas Stars
222,2025-11-06,10:00 PM,Florida Panthers,Los Angeles Kings
223,2025-11-06,7:00 PM,Montreal Canadiens,New Jersey Devils
224,2025-11-06,8:00 PM,Philadelphia Flyers,Nashville Predators
225,2025-11-06,7:30 PM,Washington Capitals,Pittsburgh Penguins
226,2025-11-06,10:00 PM,Tampa Bay Lightning,Vegas Golden Knights
227,2025-11-07,9:00 PM,Chicago Blackhawks,Calgary Flames
228,2025-11-07,7:00 PM,New York Rangers,Detroit Red Wings
229,2025-11-07,7:00 PM,Minnesota Wild,New York Islanders
230,2025-11-07,10:00 PM,Winnipeg Jets,San Jose Sharks
231,2025-11-08,7:00 PM,Buffalo Sabres,Carolina Hurricanes
232,2025-11-08,10:00 PM,Colorado Avalanche,Edmonton Oilers
233,2025-11-08,7:00 PM,Utah Mammoth,Montreal Canadiens
234,2025-11-08,12:30 PM,Pittsburgh Penguins,New Jersey Devils
235,2025-11-08,3:30 PM,Dallas Stars,Nashville Predators
236,2025-11-08,7:00 PM,New York Islanders,New York Rangers
237,2025-11-08,1:00 PM,Ottawa Senators,Philadelphia Flyers
238,2025-11-08,10:00 PM,Florida Panthers,San Jose Sharks
239,2025-11-08,7:00 PM,Seattle Kraken,St. Louis Blues
240,2025-11-08,7:00 PM,Washington Capitals,Tampa Bay Lightning
241,2025-11-08,7:00 PM,Boston Bruins,Toronto Maple Leafs
242,2025-11-08,10:00 PM,Columbus Blue Jackets,Vancouver Canucks
243,2025-11-08,10:00 PM,Anaheim Ducks,Vegas Golden Knights
244,2025-11-09,10:00 PM,Winnipeg Jets,Anaheim Ducks
245,2025-11-09,7:00 PM,Seattle Kraken,Dallas Stars
246,2025-11-09,1:00 PM,Chicago Blackhawks,Detroit Red Wings
247,2025-11-09,8:00 PM,Calgary Flames,Minnesota Wild
248,2025-11-09,7:00 PM,Utah Mammoth,Ottawa Senators
249,2025-11-09,2:00 PM,Los Angeles Kings,Pittsburgh Penguins
250,2025-11-09,7:00 PM,Carolina Hurricanes,Toronto Maple Leafs
251,2025-11-09,10:00 PM,Colorado Avalanche,Vancouver Canucks
252,2025-11-10,8:30 PM,Columbus Blue Jackets,Edmonton Oilers
253,2025-11-10,7:00 PM,New York Islanders,New Jersey Devils
254,2025-11-10,7:00 PM,Nashville Predators,New York Rangers
255,2025-11-10,10:00 PM,Florida Panthers,Vegas Golden Knights
256,2025-11-11,7:00 PM,Toronto Maple Leafs,Boston Bruins
257,2025-11-11,7:00 PM,Washington Capitals,Carolina Hurricanes
258,2025-11-11,9:30 PM,Anaheim Ducks,Colorado Avalanche
259,2025-11-11,8:00 PM,San Jose Sharks,Minnesota Wild
260,2025-11-11,7:00 PM,Los Angeles Kings,Montreal Canadiens
261,2025-11-11,7:00 PM,Dallas Stars,Ottawa Senators
262,2025-11-11,10:00 PM,Columbus Blue Jackets,Seattle Kraken
263,2025-11-11,8:00 PM,Calgary Flames,St. Louis Blues
264,2025-11-11,10:00 PM,Winnipeg Jets,Vancouver Canucks
265,2025-11-12,9:30 PM,New Jersey Devils,Chicago Blackhawks
266,2025-11-12,7:30 PM,Edmonton Oilers,Philadelphia Flyers
267,2025-11-12,7:00 PM,New York Rangers,Tampa Bay Lightning
268,2025-11-12,9:00 PM,Buffalo Sabres,Utah Mammoth
269,2025-11-13,7:30 PM,Edmonton Oilers,Columbus Blue Jackets
270,2025-11-13,9:00 PM,San Jose Sharks,Calgary Flames
271,2025-11-13,9:00 PM,Buffalo Sabres,Colorado Avalanche
272,2025-11-13,7:00 PM,Anaheim Ducks,Detroit Red Wings
273,2025-11-13,7:00 PM,Washington Capitals,Florida Panthers
274,2025-11-13,7:00 PM,Dallas Stars,Montreal Canadiens
275,2025-11-13,7:00 PM,Boston Bruins,Ottawa Senators
276,2025-11-13,10:00 PM,Winnipeg Jets,Seattle Kraken
277,2025-11-13,7:00 PM,Los Angeles Kings,Toronto Maple Leafs
278,2025-11-13,10:00 PM,New York Islanders,Vegas Golden Knights
279,2025-11-14,7:00 PM,Vancouver Canucks,Carolina Hurricanes
280,2025-11-14,2:00 PM,Pittsburgh Penguins,Nashville Predators
281,2025-11-14,8:00 PM,Philadelphia Flyers,St. Louis Blues
282,2025-11-14,9:00 PM,New York Islanders,Utah Mammoth
283,2025-11-15,7:00 PM,Edmonton Oilers,Carolina Hurricanes
284,2025-11-15,7:00 PM,New York Rangers,Columbus Blue Jackets
285,2025-11-15,10:00 PM,Winnipeg Jets,Calgary Flames
286,2025-11-15,7:00 PM,Toronto Maple Leafs,Chicago Blackhawks
287,2025-11-15,8:00 PM,Philadelphia Flyers,Dallas Stars
288,2025-11-15,7:00 PM,Buffalo Sabres,Detroit Red Wings
289,2025-11-15,5:00 PM,Tampa Bay Lightning,Florida Panthers
290,2025-11-15,6:00 PM,Anaheim Ducks,Minnesota Wild
291,2025-11-15,7:00 PM,Boston Bruins,Montreal Canadiens
292,2025-11-15,7:00 PM,Los Angeles Kings,Ottawa Senators
293,2025-11-15,10:00 PM,San Jose Sharks,Seattle Kraken
294,2025-11-15,8:00 PM,Vegas Golden Knights,St. Louis Blues
295,2025-11-15,7:00 PM,New Jersey Devils,Washington Capitals
296,2025-11-16,9:00 PM,New York Islanders,Colorado Avalanche
297,2025-11-16,6:00 PM,Vegas Golden Knights,Minnesota Wild
298,2025-11-16,7:00 PM,Detroit Red Wings,New York Rangers
299,2025-11-16,9:00 AM,Nashville Predators,Pittsburgh Penguins
300,2025-11-16,5:00 PM,Vancouver Canucks,Tampa Bay Lightning
301,2025-11-17,10:00 PM,Utah Mammoth,Anaheim Ducks
302,2025-11-17,7:00 PM,Carolina Hurricanes,Boston Bruins
303,2025-11-17,7:00 PM,Edmonton Oilers,Buffalo Sabres
304,2025-11-17,7:30 PM,Montreal Canadiens,Columbus Blue Jackets
305,2025-11-17,7:00 PM,Vancouver Canucks,Florida Panthers
306,2025-11-17,7:00 PM,Los Angeles Kings,Washington Capitals
307,2025-11-18,8:30 PM,Calgary Flames,Chicago Blackhawks
308,2025-11-18,8:00 PM,New York Islanders,Dallas Stars
309,2025-11-18,7:00 PM,Seattle Kraken,Detroit Red Wings
310,2025-11-18,10:00 PM,Utah Mammoth,San Jose Sharks
311,2025-11-18,7:00 PM,New Jersey Devils,Tampa Bay Lightning
312,2025-11-18,7:00 PM,St. Louis Blues,Toronto Maple Leafs
313,2025-11-18,10:00 PM,New York Rangers,Vegas Golden Knights
314,2025-11-18,8:00 PM,Columbus Blue Jackets,Winnipeg Jets
315,2025-11-19,10:00 PM,Boston Bruins,Anaheim Ducks
316,2025-11-19,7:30 PM,Calgary Flames,Buffalo Sabres
317,2025-11-19,9:30 PM,Carolina Hurricanes,Minnesota Wild
318,2025-11-19,7:00 PM,Edmonton Oilers,Washington Capitals
319,2025-11-20,10:00 PM,Ottawa Senators,Anaheim Ducks
320,2025-11-20,8:00 PM,Seattle Kraken,Chicago Blackhawks
321,2025-11-20,9:00 PM,New York Rangers,Colorado Avalanche
322,2025-11-20,7:00 PM,New York Islanders,Detroit Red Wings
323,2025-11-20,7:00 PM,New Jersey Devils,Florida Panthers
324,2025-11-20,7:00 PM,Washington Capitals,Montreal Canadiens
325,2025-11-20,7:00 PM,St. Louis Blues,Philadelphia Flyers
326,2025-11-20,10:00 PM,Los Angeles Kings,San Jose Sharks
327,2025-11-20,7:30 PM,Edmonton Oilers,Tampa Bay Lightning
328,2025-11-20,7:00 PM,Columbus Blue Jackets,Toronto Maple Leafs
329,2025-11-20,9:00 PM,Vegas Golden Knights,Utah Mammoth
330,2025-11-20,10:00 PM,Dallas Stars,Vancouver Canucks
331,2025-11-21,7:00 PM,Chicago Blackhawks,Buffalo Sabres
332,2025-11-21,10:30 PM,Boston Bruins,Los Angeles Kings
333,2025-11-21,7:00 PM,Minnesota Wild,Pittsburgh Penguins
334,2025-11-21,8:00 PM,Carolina Hurricanes,Winnipeg Jets
335,2025-11-22,10:00 PM,Vegas Golden Knights,Anaheim Ducks
336,2025-11-22,10:00 PM,Dallas Stars,Calgary Flames
337,2025-11-22,1:00 PM,Columbus Blue Jackets,Detroit Red Wings
338,2025-11-22,7:00 PM,Edmonton Oilers,Florida Panthers
339,2025-11-22,7:00 PM,Toronto Maple Leafs,Montreal Canadiens
340,2025-11-22,8:00 PM,Colorado Avalanche,Nashville Predators
341,2025-11-22,3:30 PM,St. Louis Blues,New York Islanders
342,2025-11-22,7:00 PM,New Jersey Devils,Philadelphia Flyers
343,2025-11-22,7:00 PM,Seattle Kraken,Pittsburgh Penguins
344,2025-11-22,7:00 PM,Ottawa Senators,San Jose Sharks
345,2025-11-22,9:00 PM,New York Rangers,Utah Mammoth
346,2025-11-22,7:00 PM,Tampa Bay Lightning,Washington Capitals
347,2025-11-23,1:00 PM,Carolina Hurricanes,Buffalo Sabres
348,2025-11-23,7:00 PM,Colorado Avalanche,Chicago Blackhawks
349,2025-11-23,5:00 PM,Seattle Kraken,New York Islanders
350,2025-11-23,8:00 PM,Boston Bruins,San Jose Sharks
351,2025-11-23,9:00 PM,Calgary Flames,Vancouver Canucks
352,2025-11-23,4:00 PM,Minnesota Wild,Winnipeg Jets
353,2025-11-24,9:00 PM,Ottawa Senators,Los Angeles Kings
354,2025-11-24,7:00 PM,Detroit Red Wings,New Jersey Devils
355,2025-11-24,8:00 PM,Florida Panthers,Nashville Predators
356,2025-11-24,7:00 PM,St. Louis Blues,New York Rangers
357,2025-11-24,7:00 PM,Philadelphia Flyers,Tampa Bay Lightning
358,2025-11-24,9:00 PM,Vegas Golden Knights,Utah Mammoth
359,2025-11-24,7:00 PM,Columbus Blue Jackets,Washington Capitals
360,2025-11-25,9:00 PM,Dallas Stars,Edmonton Oilers
361,2025-11-26,10:00 PM,Vancouver Canucks,Anaheim Ducks
362,2025-11-26,7:00 PM,New York Rangers,Carolina Hurricanes
363,2025-11-26,7:00 PM,Toronto Maple Leafs,Columbus Blue Jackets
364,2025-11-26,8:30 PM,Minnesota Wild,Chicago Blackhawks
365,2025-11-26,9:00 PM,San Jose Sharks,Colorado Avalanche
366,2025-11-26,7:00 PM,Nashville Predators,Detroit Red Wings
367,2025-11-26,7:00 PM,Philadelphia Flyers,Florida Panthers
368,2025-11-26,7:00 PM,St. Louis Blues,New Jersey Devils
369,2025-11-26,7:00 PM,Boston Bruins,New York Islanders
370,2025-11-26,7:00 PM,Buffalo Sabres,Pittsburgh Penguins
371,2025-11-26,10:00 PM,Dallas Stars,Seattle Kraken
372,2025-11-26,7:00 PM,Calgary Flames,Tampa Bay Lightning
373,2025-11-26,9:30 PM,Montreal Canadiens,Utah Mammoth
374,2025-11-26,10:00 PM,Ottawa Senators,Vegas Golden Knights
375,2025-11-26,7:00 PM,Winnipeg Jets,Washington Capitals
376,2025-11-28,4:00 PM,Los Angeles Kings,Anaheim Ducks
377,2025-11-28,1:00 PM,New York Rangers,Boston Bruins
378,2025-11-28,4:00 PM,New Jersey Devils,Buffalo Sabres
379,2025-11-28,5:00 PM,Winnipeg Jets,Carolina Hurricanes
380,2025-11-28,7:00 PM,Pittsburgh Penguins,Columbus Blue Jackets
381,2025-11-28,8:00 PM,Nashville Predators,Chicago Blackhawks
382,2025-11-28,8:00 PM,Utah Mammoth,Dallas Stars
383,2025-11-28,12:00 PM,Tampa Bay Lightning,Detroit Red Wings
384,2025-11-28,4:00 PM,Calgary Flames,Florida Panthers
385,2025-11-28,3:30 PM,Colorado Avalanche,Minnesota Wild
386,2025-11-28,4:00 PM,Philadelphia Flyers,New York Islanders
387,2025-11-28,4:00 PM,Vancouver Canucks,San Jose Sharks
388,2025-11-28,4:00 PM,Ottawa Senators,St. Louis Blues
389,2025-11-28,4:00 PM,Montreal Canadiens,Vegas Golden Knights
390,2025-11-28,5:00 PM,Toronto Maple Leafs,Washington Capitals
391,2025-11-29,7:00 PM,Detroit Red Wings,Boston Bruins
392,2025-11-29,3:00 PM,Montreal Canadiens,Colorado Avalanche
393,2025-11-29,10:00 PM,Vancouver Canucks,Los Angeles Kings
394,2025-11-29,8:00 PM,Buffalo Sabres,Minnesota Wild
395,2025-11-29,7:00 PM,Philadelphia Flyers,New Jersey Devils
396,2025-11-29,7:00 PM,Winnipeg Jets,Nashville Predators
397,2025-11-29,2:00 PM,Tampa Bay Lightning,New York Rangers
398,2025-11-29,7:00 PM,Toronto Maple Leafs,Pittsburgh Penguins
399,2025-11-29,4:00 PM,Edmonton Oilers,Seattle Kraken
400,2025-11-29,8:00 PM,Utah Mammoth,St. Louis Blues
401,2025-11-29,10:00 PM,San Jose Sharks,Vegas Golden Knights
402,2025-11-30,5:00 PM,Calgary Flames,Carolina Hurricanes
403,2025-11-30,3:30 PM,Anaheim Ducks,Chicago Blackhawks
404,2025-11-30,6:00 PM,Ottawa Senators,Dallas Stars
405,2025-11-30,1:00 PM,Washington Capitals,New York Islanders
406,2025-12-01,7:30 PM,Winnipeg Jets,Buffalo Sabres
407,2025-12-01,7:00 PM,Columbus Blue Jackets,New Jersey Devils
408,2025-12-01,7:00 PM,Pittsburgh Penguins,Philadelphia Flyers
409,2025-12-01,10:00 PM,Utah Mammoth,San Jose Sharks
410,2025-12-01,8:00 PM,Anaheim Ducks,St. Louis Blues
411,2025-12-02,9:00 PM,Vancouver Canucks,Colorado Avalanche
412,2025-12-02,7:00 PM,Boston Bruins,Detroit Red Wings
413,2025-12-02,9:00 PM,Minnesota Wild,Edmonton Oilers
414,2025-12-02,7:30 PM,Toronto Maple Leafs,Florida Panthers
415,2025-12-02,10:30 PM,Washington Capitals,Los Angeles Kings
416,2025-12-02,7:00 PM,Ottawa Senators,Montreal Canadiens
417,2025-12-02,8:00 PM,Calgary Flames,Nashville Predators
418,2025-12-02,7:00 PM,Tampa Bay Lightning,New York Islanders
419,2025-12-02,7:00 PM,Dallas Stars,New York Rangers
420,2025-12-02,10:00 PM,Chicago Blackhawks,Vegas Golden Knights
421,2025-12-03,10:00 PM,Utah Mammoth,Anaheim Ducks
422,2025-12-03,7:30 PM,Winnipeg Jets,Montreal Canadiens
423,2025-12-03,7:00 PM,Dallas Stars,New Jersey Devils
424,2025-12-03,7:30 PM,Buffalo Sabres,Philadelphia Flyers
425,2025-12-03,10:00 PM,Washington Capitals,San Jose Sharks
426,2025-12-04,7:00 PM,St. Louis Blues,Boston Bruins
427,2025-12-04,7:30 PM,Toronto Maple Leafs,Carolina Hurricanes
428,2025-12-04,7:00 PM,Detroit Red Wings,Columbus Blue Jackets
429,2025-12-04,9:00 PM,Minnesota Wild,Calgary Flames
430,2025-12-04,9:00 PM,Seattle Kraken,Edmonton Oilers
431,2025-12-04,7:00 PM,Nashville Predators,Florida Panthers
432,2025-12-04,10:00 PM,Chicago Blackhawks,Los Angeles Kings
433,2025-12-04,7:00 PM,Colorado Avalanche,New York Islanders
434,2025-12-04,7:00 PM,New York Rangers,Ottawa Senators
435,2025-12-04,7:00 PM,Pittsburgh Penguins,Tampa Bay Lightning
436,2025-12-05,10:00 PM,Washington Capitals,Anaheim Ducks
437,2025-12-05,8:00 PM,San Jose Sharks,Dallas Stars
438,2025-12-05,7:00 PM,Vegas Golden Knights,New Jersey Devils
439,2025-12-05,9:00 PM,Utah Mammoth,Vancouver Canucks
440,2025-12-05,7:00 PM,Buffalo Sabres,Winnipeg Jets
441,2025-12-06,7:00 PM,New Jersey Devils,Boston Bruins
442,2025-12-06,7:00 PM,Nashville Predators,Carolina Hurricanes
443,2025-12-06,7:00 PM,Utah Mammoth,Calgary Flames
444,2025-12-06,10:00 PM,Winnipeg Jets,Edmonton Oilers
445,2025-12-06,3:30 PM,Columbus Blue Jackets,Florida Panthers
446,2025-12-06,9:00 PM,Chicago Blackhawks,Los Angeles Kings
447,2025-12-06,12:30 PM,Colorado Avalanche,New York Rangers
448,2025-12-06,7:00 PM,St. Louis Blues,Ottawa Senators
449,2025-12-06,10:00 PM,Detroit Red Wings,Seattle Kraken
450,2025-12-06,7:00 PM,New York Islanders,Tampa Bay Lightning
451,2025-12-06,7:00 PM,Montreal Canadiens,Toronto Maple Leafs
452,2025-12-06,10:00 PM,Minnesota Wild,Vancouver Canucks
453,2025-12-07,8:00 PM,Chicago Blackhawks,Anaheim Ducks
454,2025-12-07,5:00 PM,San Jose Sharks,Carolina Hurricanes
455,2025-12-07,6:00 PM,Pittsburgh Penguins,Dallas Stars
456,2025-12-07,5:00 PM,New York Islanders,Florida Panthers
457,2025-12-07,7:00 PM,St. Louis Blues,Montreal Canadiens
458,2025-12-07,7:00 PM,Vegas Golden Knights,New York Rangers
459,2025-12-07,1:00 PM,Colorado Avalanche,Philadelphia Flyers
460,2025-12-07,7:00 PM,Columbus Blue Jackets,Washington Capitals
461,2025-12-08,9:00 PM,Buffalo Sabres,Calgary Flames
462,2025-12-08,10:00 PM,Minnesota Wild,Seattle Kraken
463,2025-12-08,7:30 PM,Tampa Bay Lightning,Toronto Maple Leafs
464,2025-12-08,9:00 PM,Los Angeles Kings,Utah Mammoth
465,2025-12-08,10:00 PM,Detroit Red Wings,Vancouver Canucks
466,2025-12-09,7:30 PM,Columbus Blue Jackets,Carolina Hurricanes
467,2025-12-09,9:00 PM,Buffalo Sabres,Edmonton Oilers
468,2025-12-09,7:00 PM,Tampa Bay Lightning,Montreal Canadiens
469,2025-12-09,9:30 PM,Colorado Avalanche,Nashville Predators
470,2025-12-09,7:00 PM,Vegas Golden Knights,New York Islanders
471,2025-12-09,7:00 PM,New Jersey Devils,Ottawa Senators
472,2025-12-09,7:00 PM,San Jose Sharks,Philadelphia Flyers
473,2025-12-09,7:00 PM,Anaheim Ducks,Pittsburgh Penguins
474,2025-12-09,8:00 PM,Boston Bruins,St. Louis Blues
475,2025-12-09,8:00 PM,Dallas Stars,Winnipeg Jets
476,2025-12-10,8:30 PM,Detroit Red Wings,Calgary Flames
477,2025-12-10,7:30 PM,New York Rangers,Chicago Blackhawks
478,2025-12-10,10:00 PM,Los Angeles Kings,Seattle Kraken
479,2025-12-10,9:00 PM,Florida Panthers,Utah Mammoth
480,2025-12-11,7:00 PM,Ottawa Senators,Columbus Blue Jackets
481,2025-12-11,9:00 PM,Florida Panthers,Colorado Avalanche
482,2025-12-11,9:00 PM,Detroit Red Wings,Edmonton Oilers
483,2025-12-11,8:00 PM,Dallas Stars,Minnesota Wild
484,2025-12-11,7:00 PM,Tampa Bay Lightning,New Jersey Devils
485,2025-12-11,8:00 PM,St. Louis Blues,Nashville Predators
486,2025-12-11,7:00 PM,Anaheim Ducks,New York Islanders
487,2025-12-11,7:00 PM,Vegas Golden Knights,Philadelphia Flyers
488,2025-12-11,7:00 PM,Montreal Canadiens,Pittsburgh Penguins
489,2025-12-11,7:00 PM,San Jose Sharks,Toronto Maple Leafs
490,2025-12-11,10:00 PM,Buffalo Sabres,Vancouver Canucks
491,2025-12-11,8:00 PM,Boston Bruins,Winnipeg Jets
492,2025-12-11,7:00 PM,Carolina Hurricanes,Washington Capitals
493,2025-12-12,8:00 PM,Chicago Blackhawks,St. Louis Blues
494,2025-12-12,9:00 PM,Seattle Kraken,Utah Mammoth
495,2025-12-13,7:00 PM,Vegas Golden Knights,Columbus Blue Jackets
496,2025-12-13,8:00 PM,Detroit Red Wings,Chicago Blackhawks
497,2025-12-13,9:00 PM,Nashville Predators,Colorado Avalanche
498,2025-12-13,8:00 PM,Florida Panthers,Dallas Stars
499,2025-12-13,10:00 PM,Calgary Flames,Los Angeles Kings
500,2025-12-13,2:00 PM,Ottawa Senators,Minnesota Wild
501,2025-12-13,12:30 PM,Anaheim Ducks,New Jersey Devils
502,2025-12-13,3:30 PM,Tampa Bay Lightning,New York Islanders
503,2025-12-13,7:00 PM,Montreal Canadiens,New York Rangers
504,2025-12-13,7:00 PM,Carolina Hurricanes,Philadelphia Flyers
505,2025-12-13,3:00 PM,San Jose Sharks,Pittsburgh Penguins
506,2025-12-13,7:00 PM,Edmonton Oilers,Toronto Maple Leafs
507,2025-12-13,7:00 PM,Washington Capitals,Winnipeg Jets
508,2025-12-14,5:00 PM,Philadelphia Flyers,Carolina Hurricanes
509,2025-12-14,6:00 PM,Boston Bruins,Minnesota Wild
510,2025-12-14,7:00 PM,Edmonton Oilers,Montreal Canadiens
511,2025-12-14,12:30 PM,Vancouver Canucks,New Jersey Devils
512,2025-12-14,3:00 PM,Utah Mammoth,Pittsburgh Penguins
513,2025-12-14,8:00 PM,Buffalo Sabres,Seattle Kraken
514,2025-12-15,8:00 PM,Los Angeles Kings,Dallas Stars
515,2025-12-15,7:00 PM,Anaheim Ducks,New York Rangers
516,2025-12-15,8:00 PM,Nashville Predators,St. Louis Blues
517,2025-12-15,7:00 PM,Florida Panthers,Tampa Bay Lightning
518,2025-12-15,7:30 PM,Ottawa Senators,Winnipeg Jets
519,2025-12-16,7:00 PM,Utah Mammoth,Boston Bruins
520,2025-12-16,7:00 PM,Anaheim Ducks,Columbus Blue Jackets
521,2025-12-16,7:00 PM,New York Islanders,Detroit Red Wings
522,2025-12-16,8:00 PM,Washington Capitals,Minnesota Wild
523,2025-12-16,7:00 PM,Philadelphia Flyers,Montreal Canadiens
524,2025-12-16,7:00 PM,Vancouver Canucks,New York Rangers
525,2025-12-16,7:30 PM,Edmonton Oilers,Pittsburgh Penguins
526,2025-12-16,10:00 PM,Colorado Avalanche,Seattle Kraken
527,2025-12-16,10:00 PM,Calgary Flames,San Jose Sharks
528,2025-12-16,7:00 PM,Chicago Blackhawks,Toronto Maple Leafs
529,2025-12-17,7:30 PM,Utah Mammoth,Detroit Red Wings
530,2025-12-17,7:00 PM,Los Angeles Kings,Florida Panthers
531,2025-12-17,8:00 PM,Carolina Hurricanes,Nashville Predators
532,2025-12-17,8:00 PM,Winnipeg Jets,St. Louis Blues
533,2025-12-17,10:00 PM,New Jersey Devils,Vegas Golden Knights
534,2025-12-18,7:00 PM,Edmonton Oilers,Boston Bruins
535,2025-12-18,7:30 PM,Philadelphia Flyers,Buffalo Sabres
536,2025-12-18,7:00 PM,Minnesota Wild,Columbus Blue Jackets
537,2025-12-18,9:00 PM,Seattle Kraken,Calgary Flames
538,2025-12-18,7:00 PM,Chicago Blackhawks,Montreal Canadiens
539,2025-12-18,7:00 PM,Pittsburgh Penguins,Ottawa Senators
540,2025-12-18,10:00 PM,Dallas Stars,San Jose Sharks
541,2025-12-18,8:00 PM,New York Rangers,St. Louis Blues
542,2025-12-18,7:00 PM,Los Angeles Kings,Tampa Bay Lightning
543,2025-12-18,7:00 PM,Toronto Maple Leafs,Washington Capitals
544,2025-12-19,10:00 PM,Dallas Stars,Anaheim Ducks
545,2025-12-19,9:00 PM,Winnipeg Jets,Colorado Avalanche
546,2025-12-19,7:00 PM,Carolina Hurricanes,Florida Panthers
547,2025-12-19,7:00 PM,Vancouver Canucks,New York Islanders
548,2025-12-19,9:00 PM,New Jersey Devils,Utah Mammoth
549,2025-12-20,10:00 PM,Columbus Blue Jackets,Anaheim Ducks
550,2025-12-20,7:00 PM,Vancouver Canucks,Boston Bruins
551,2025-12-20,5:00 PM,New York Islanders,Buffalo Sabres
552,2025-12-20,10:00 PM,Vegas Golden Knights,Calgary Flames
553,2025-12-20,6:00 PM,St. Louis Blues,Florida Panthers
554,2025-12-20,3:00 PM,Edmonton Oilers,Minnesota Wild
555,2025-12-20,7:00 PM,Pittsburgh Penguins,Montreal Canadiens
556,2025-12-20,7:00 PM,Toronto Maple Leafs,Nashville Predators
557,2025-12-20,12:30 PM,Philadelphia Flyers,New York Rangers
558,2025-12-20,3:00 PM,Chicago Blackhawks,Ottawa Senators
559,2025-12-20,10:00 PM,Seattle Kraken,San Jose Sharks
560,2025-12-20,7:00 PM,Carolina Hurricanes,Tampa Bay Lightning
561,2025-12-20,12:30 PM,Detroit Red Wings,Washington Capitals
562,2025-12-21,7:00 PM,Ottawa Senators,Boston Bruins
563,2025-12-21,7:00 PM,Toronto Maple Leafs,Dallas Stars
564,2025-12-21,1:00 PM,Washington Capitals,Detroit Red Wings
565,2025-12-21,8:00 PM,Vegas Golden Knights,Edmonton Oilers
566,2025-12-21,6:00 PM,Colorado Avalanche,Minnesota Wild
567,2025-12-21,7:00 PM,Buffalo Sabres,New Jersey Devils
568,2025-12-21,7:00 PM,New York Rangers,Nashville Predators
569,2025-12-21,7:00 PM,Montreal Canadiens,Pittsburgh Penguins
570,2025-12-21,7:00 PM,Winnipeg Jets,Utah Mammoth
571,2025-12-22,10:00 PM,Seattle Kraken,Anaheim Ducks
572,2025-12-22,10:00 PM,Columbus Blue Jackets,Los Angeles Kings
573,2025-12-22,7:30 PM,Vancouver Canucks,Philadelphia Flyers
574,2025-12-22,7:00 PM,St. Louis Blues,Tampa Bay Lightning
575,2025-12-23,7:00 PM,Montreal Canadiens,Boston Bruins
576,2025-12-23,7:00 PM,Florida Panthers,Carolina Hurricanes
577,2025-12-23,9:00 PM,Philadelphia Flyers,Chicago Blackhawks
578,2025-12-23,9:00 PM,Utah Mammoth,Colorado Avalanche
579,2025-12-23,6:30 PM,Dallas Stars,Detroit Red Wings
580,2025-12-23,9:00 PM,Calgary Flames,Edmonton Oilers
581,2025-12-23,10:00 PM,Seattle Kraken,Los Angeles Kings
582,2025-12-23,8:00 PM,Nashville Predators,Minnesota Wild
583,2025-12-23,7:00 PM,New Jersey Devils,New York Islanders
584,2025-12-23,7:00 PM,Buffalo Sabres,Ottawa Senators
585,2025-12-23,4:00 PM,Pittsburgh Penguins,Toronto Maple Leafs
586,2025-12-23,10:00 PM,San Jose Sharks,Vegas Golden Knights
587,2025-12-23,7:00 PM,New York Rangers,Washington Capitals
588,2025-12-27,7:00 PM,Boston Bruins,Buffalo Sabres
589,2025-12-27,7:00 PM,Detroit Red Wings,Carolina Hurricanes
590,2025-12-27,10:00 PM,Edmonton Oilers,Calgary Flames
591,2025-12-27,8:00 PM,Chicago Blackhawks,Dallas Stars
592,2025-12-27,7:00 PM,Tampa Bay Lightning,Florida Panthers
593,2025-12-27,9:00 PM,Anaheim Ducks,Los Angeles Kings
594,2025-12-27,7:00 PM,Washington Capitals,New Jersey Devils
595,2025-12-27,6:00 PM,New York Rangers,New York Islanders
596,2025-12-27,8:00 PM,Nashville Predators,St. Louis Blues
597,2025-12-27,7:00 PM,Ottawa Senators,Toronto Maple Leafs
598,2025-12-27,10:00 PM,San Jose Sharks,Vancouver Canucks
599,2025-12-27,10:00 PM,Colorado Avalanche,Vegas Golden Knights
600,2025-12-27,7:00 PM,Minnesota Wild,Winnipeg Jets
601,2025-12-28,5:00 PM,New York Islanders,Columbus Blue Jackets
602,2025-12-28,7:00 PM,Pittsburgh Penguins,Chicago Blackhawks
603,2025-12-28,7:00 PM,Toronto Maple Leafs,Detroit Red Wings
604,2025-12-28,8:00 PM,Philadelphia Flyers,Seattle Kraken
605,2025-12-28,5:00 PM,Montreal Canadiens,Tampa Bay Lightning
606,2025-12-29,10:00 PM,San Jose Sharks,Anaheim Ducks
607,2025-12-29,7:00 PM,New York Rangers,Carolina Hurricanes
608,2025-12-29,9:00 PM,Boston Bruins,Calgary Flames
609,2025-12-29,9:00 PM,Los Angeles Kings,Colorado Avalanche
610,2025-12-29,7:00 PM,Washington Capitals,Florida Panthers
611,2025-12-29,7:00 PM,Columbus Blue Jackets,Ottawa Senators
612,2025-12-29,10:00 PM,Vancouver Canucks,Seattle Kraken
613,2025-12-29,8:00 PM,Buffalo Sabres,St. Louis Blues
614,2025-12-29,9:00 PM,Nashville Predators,Utah Mammoth
615,2025-12-29,10:00 PM,Minnesota Wild,Vegas Golden Knights
616,2025-12-29,7:30 PM,Edmonton Oilers,Winnipeg Jets
617,2025-12-30,8:30 PM,New York Islanders,Chicago Blackhawks
618,2025-12-30,7:00 PM,Montreal Canadiens,Florida Panthers
619,2025-12-30,7:00 PM,Carolina Hurricanes,Pittsburgh Penguins
620,2025-12-30,7:00 PM,New Jersey Devils,Toronto Maple Leafs
621,2025-12-30,10:00 PM,Philadelphia Flyers,Vancouver Canucks
622,2025-12-31,4:00 PM,Tampa Bay Lightning,Anaheim Ducks
623,2025-12-31,7:00 PM,New Jersey Devils,Columbus Blue Jackets
624,2025-12-31,9:30 PM,Philadelphia Flyers,Calgary Flames
625,2025-12-31,9:00 PM,St. Louis Blues,Colorado Avalanche
626,2025-12-31,8:00 PM,Buffalo Sabres,Dallas Stars
627,2025-12-31,6:30 PM,Winnipeg Jets,Detroit Red Wings
628,2025-12-31,9:30 PM,Boston Bruins,Edmonton Oilers
629,2025-12-31,4:00 PM,Minnesota Wild,San Jose Sharks
630,2025-12-31,3:00 PM,Nashville Predators,Vegas Golden Knights
631,2025-12-31,12:30 PM,New York Rangers,Washington Capitals
632,2026-01-01,7:00 PM,Montreal Canadiens,Carolina Hurricanes
633,2026-01-01,8:30 PM,Dallas Stars,Chicago Blackhawks
634,2026-01-01,7:00 PM,Tampa Bay Lightning,Los Angeles Kings
635,2026-01-01,3:00 PM,Utah Mammoth,New York Islanders
636,2026-01-01,1:00 PM,Washington Capitals,Ottawa Senators
637,2026-01-01,7:00 PM,Detroit Red Wings,Pittsburgh Penguins
638,2026-01-01,10:00 PM,Nashville Predators,Seattle Kraken
639,2026-01-01,7:00 PM,Winnipeg Jets,Toronto Maple Leafs
640,2026-01-02,10:30 PM,Minnesota Wild,Anaheim Ducks
641,2026-01-02,8:00 PM,New York Rangers,Florida Panthers
642,2026-01-02,3:00 PM,Vegas Golden Knights,St. Louis Blues
643,2026-01-02,10:30 PM,Seattle Kraken,Vancouver Canucks
644,2026-01-03,7:00 PM,Colorado Avalanche,Carolina Hurricanes
645,2026-01-03,3:00 PM,Buffalo Sabres,Columbus Blue Jackets
646,2026-01-03,7:00 PM,Nashville Predators,Calgary Flames
647,2026-01-03,12:00 PM,Pittsburgh Penguins,Detroit Red Wings
648,2026-01-03,3:30 PM,Philadelphia Flyers,Edmonton Oilers
649,2026-01-03,9:00 PM,Minnesota Wild,Los Angeles Kings
650,2026-01-03,3:00 PM,Utah Mammoth,New Jersey Devils
651,2026-01-03,7:00 PM,Toronto Maple Leafs,New York Islanders
652,2026-01-03,7:00 PM,Winnipeg Jets,Ottawa Senators
653,2026-01-03,4:00 PM,Tampa Bay Lightning,San Jose Sharks
654,2026-01-03,4:00 PM,Montreal Canadiens,St. Louis Blues
655,2026-01-03,10:00 PM,Boston Bruins,Vancouver Canucks
656,2026-01-03,7:00 PM,Chicago Blackhawks,Washington Capitals
657,2026-01-04,3:00 PM,Pittsburgh Penguins,Columbus Blue Jackets
658,2026-01-04,7:00 PM,Vegas Golden Knights,Chicago Blackhawks
659,2026-01-04,2:00 PM,Montreal Canadiens,Dallas Stars
660,2026-01-04,5:00 PM,Colorado Avalanche,Florida Panthers
661,2026-01-04,7:00 PM,Carolina Hurricanes,New Jersey Devils
662,2026-01-05,9:30 PM,Seattle Kraken,Calgary Flames
663,2026-01-05,10:30 PM,Minnesota Wild,Los Angeles Kings
664,2026-01-05,7:00 PM,Utah Mammoth,New York Rangers
665,2026-01-05,7:30 PM,Detroit Red Wings,Ottawa Senators
666,2026-01-05,7:00 PM,Anaheim Ducks,Washington Capitals
667,2026-01-06,7:00 PM,Vancouver Canucks,Buffalo Sabres
668,2026-01-06,7:00 PM,Dallas Stars,Carolina Hurricanes
669,2026-01-06,9:00 PM,Nashville Predators,Edmonton Oilers
670,2026-01-06,7:30 PM,New Jersey Devils,New York Islanders
671,2026-01-06,7:00 PM,Anaheim Ducks,Philadelphia Flyers
672,2026-01-06,10:00 PM,Boston Bruins,Seattle Kraken
673,2026-01-06,10:00 PM,Columbus Blue Jackets,San Jose Sharks
674,2026-01-06,7:00 PM,Colorado Avalanche,Tampa Bay Lightning
675,2026-01-06,7:30 PM,Florida Panthers,Toronto Maple Leafs
676,2026-01-06,8:00 PM,Vegas Golden Knights,Winnipeg Jets
677,2026-01-07,9:30 PM,St. Louis Blues,Chicago Blackhawks
678,2026-01-07,10:30 PM,San Jose Sharks,Los Angeles Kings
679,2026-01-07,7:30 PM,Calgary Flames,Montreal Canadiens
680,2026-01-07,9:30 PM,Ottawa Senators,Utah Mammoth
681,2026-01-07,7:00 PM,Dallas Stars,Washington Capitals
682,2026-01-08,7:00 PM,Calgary Flames,Boston Bruins
683,2026-01-08,7:00 PM,Anaheim Ducks,Carolina Hurricanes
684,2026-01-08,9:00 PM,Ottawa Senators,Colorado Avalanche
685,2026-01-08,7:00 PM,Vancouver Canucks,Detroit Red Wings
686,2026-01-08,7:00 PM,Florida Panthers,Montreal Canadiens
687,2026-01-08,8:00 PM,New York Islanders,Nashville Predators
688,2026-01-08,7:00 PM,Buffalo Sabres,New York Rangers
689,2026-01-08,7:00 PM,Toronto Maple Leafs,Philadelphia Flyers
690,2026-01-08,7:00 PM,New Jersey Devils,Pittsburgh Penguins
691,2026-01-08,10:00 PM,Minnesota Wild,Seattle Kraken
692,2026-01-08,10:00 PM,Columbus Blue Jackets,Vegas Golden Knights
693,2026-01-08,8:00 PM,Edmonton Oilers,Winnipeg Jets
694,2026-01-09,8:00 PM,Washington Capitals,Chicago Blackhawks
695,2026-01-09,9:00 PM,St. Louis Blues,Utah Mammoth
696,2026-01-09,8:00 PM,Los Angeles Kings,Winnipeg Jets
697,2026-01-10,1:00 PM,New York Rangers,Boston Bruins
698,2026-01-10,7:00 PM,Anaheim Ducks,Buffalo Sabres
699,2026-01-10,7:00 PM,Seattle Kraken,Carolina Hurricanes
700,2026-01-10,4:00 PM,Columbus Blue Jackets,Colorado Avalanche
701,2026-01-10,10:00 PM,Los Angeles Kings,Edmonton Oilers
702,2026-01-10,8:00 PM,New York Islanders,Minnesota Wild
703,2026-01-10,7:00 PM,Detroit Red Wings,Montreal Canadiens
704,2026-01-10,8:00 PM,Chicago Blackhawks,Nashville Predators
705,2026-01-10,7:00 PM,Florida Panthers,Ottawa Senators
706,2026-01-10,7:00 PM,Tampa Bay Lightning,Philadelphia Flyers
707,2026-01-10,3:30 PM,Calgary Flames,Pittsburgh Penguins
708,2026-01-10,4:00 PM,Dallas Stars,San Jose Sharks
709,2026-01-10,7:00 PM,Vancouver Canucks,Toronto Maple Leafs
710,2026-01-10,10:00 PM,St. Louis Blues,Vegas Golden Knights
711,2026-01-11,5:00 PM,Pittsburgh Penguins,Boston Bruins
712,2026-01-11,7:00 PM,Washington Capitals,Nashville Predators
713,2026-01-11,8:00 PM,Vegas Golden Knights,San Jose Sharks
714,2026-01-11,7:00 PM,Columbus Blue Jackets,Utah Mammoth
715,2026-01-11,2:00 PM,New Jersey Devils,Winnipeg Jets
716,2026-01-12,7:00 PM,Florida Panthers,Buffalo Sabres
717,2026-01-12,8:30 PM,Edmonton Oilers,Chicago Blackhawks
718,2026-01-12,10:00 PM,Toronto Maple Leafs,Colorado Avalanche
719,2026-01-12,7:00 PM,Carolina Hurricanes,Detroit Red Wings
720,2026-01-12,10:00 PM,Dallas Stars,Los Angeles Kings
721,2026-01-12,8:00 PM,New Jersey Devils,Minnesota Wild
722,2026-01-12,7:30 PM,Vancouver Canucks,Montreal Canadiens
723,2026-01-12,7:00 PM,Seattle Kraken,New York Rangers
724,2026-01-12,7:00 PM,Tampa Bay Lightning,Philadelphia Flyers
725,2026-01-13,10:00 PM,Dallas Stars,Anaheim Ducks
726,2026-01-13,7:30 PM,Detroit Red Wings,Boston Bruins
727,2026-01-13,7:00 PM,Calgary Flames,Columbus Blue Jackets
728,2026-01-13,8:00 PM,Edmonton Oilers,Nashville Predators
729,2026-01-13,7:00 PM,Vancouver Canucks,Ottawa Senators
730,2026-01-13,7:00 PM,Tampa Bay Lightning,Pittsburgh Penguins
731,2026-01-13,7:30 PM,Carolina Hurricanes,St. Louis Blues
732,2026-01-13,10:00 PM,Toronto Maple Leafs,Utah Mammoth
733,2026-01-13,8:00 PM,New York Islanders,Winnipeg Jets
734,2026-01-13,7:00 PM,Montreal Canadiens,Washington Capitals
735,2026-01-14,7:30 PM,Philadelphia Flyers,Buffalo Sabres
736,2026-01-14,10:00 PM,Vegas Golden Knights,Los Angeles Kings
737,2026-01-14,7:00 PM,Seattle Kraken,New Jersey Devils
738,2026-01-14,7:30 PM,Ottawa Senators,New York Rangers
739,2026-01-15,7:00 PM,Seattle Kraken,Boston Bruins
740,2026-01-15,7:00 PM,Montreal Canadiens,Buffalo Sabres
741,2026-01-15,7:00 PM,Vancouver Canucks,Columbus Blue Jackets
742,2026-01-15,8:30 PM,Calgary Flames,Chicago Blackhawks
743,2026-01-15,9:00 PM,New York Islanders,Edmonton Oilers
744,2026-01-15,8:00 PM,Winnipeg Jets,Minnesota Wild
745,2026-01-15,7:00 PM,Philadelphia Flyers,Pittsburgh Penguins
746,2026-01-15,9:00 PM,Dallas Stars,Utah Mammoth
747,2026-01-15,9:30 PM,Toronto Maple Leafs,Vegas Golden Knights
748,2026-01-15,7:00 PM,San Jose Sharks,Washington Capitals
749,2026-01-16,7:00 PM,Florida Panthers,Carolina Hurricanes
750,2026-01-16,9:00 PM,Nashville Predators,Colorado Avalanche
751,2026-01-16,7:00 PM,San Jose Sharks,Detroit Red Wings
752,2026-01-16,10:30 PM,Anaheim Ducks,Los Angeles Kings
753,2026-01-16,8:00 PM,Tampa Bay Lightning,St. Louis Blues
754,2026-01-17,10:00 PM,Los Angeles Kings,Anaheim Ducks
755,2026-01-17,12:30 PM,Minnesota Wild,Buffalo Sabres
756,2026-01-17,3:00 PM,New York Islanders,Calgary Flames
757,2026-01-17,8:00 PM,Boston Bruins,Chicago Blackhawks
758,2026-01-17,7:00 PM,Carolina Hurricanes,New Jersey Devils
759,2026-01-17,7:00 PM,Montreal Canadiens,Ottawa Senators
760,2026-01-17,1:00 PM,New York Rangers,Philadelphia Flyers
761,2026-01-17,7:00 PM,Columbus Blue Jackets,Pittsburgh Penguins
762,2026-01-17,5:00 PM,Seattle Kraken,Utah Mammoth
763,2026-01-17,10:00 PM,Edmonton Oilers,Vancouver Canucks
764,2026-01-17,10:00 PM,Nashville Predators,Vegas Golden Knights
765,2026-01-17,7:00 PM,Toronto Maple Leafs,Winnipeg Jets
766,2026-01-17,7:00 PM,Florida Panthers,Washington Capitals
767,2026-01-18,2:00 PM,Tampa Bay Lightning,Dallas Stars
768,2026-01-18,5:00 PM,Ottawa Senators,Detroit Red Wings
769,2026-01-18,8:00 PM,St. Louis Blues,Edmonton Oilers
770,2026-01-19,10:00 PM,New York Rangers,Anaheim Ducks
771,2026-01-19,1:30 PM,Buffalo Sabres,Carolina Hurricanes
772,2026-01-19,9:00 PM,New Jersey Devils,Calgary Flames
773,2026-01-19,8:30 PM,Winnipeg Jets,Chicago Blackhawks
774,2026-01-19,4:00 PM,Washington Capitals,Colorado Avalanche
775,2026-01-19,7:00 PM,San Jose Sharks,Florida Panthers
776,2026-01-19,5:00 PM,Pittsburgh Penguins,Seattle Kraken
777,2026-01-19,7:30 PM,Minnesota Wild,Toronto Maple Leafs
778,2026-01-19,10:00 PM,New York Islanders,Vancouver Canucks
779,2026-01-19,8:00 PM,Philadelphia Flyers,Vegas Golden Knights
780,2026-01-20,7:00 PM,Ottawa Senators,Columbus Blue Jackets
781,2026-01-20,7:30 PM,Boston Bruins,Dallas Stars
782,2026-01-20,10:00 PM,New Jersey Devils,Edmonton Oilers
783,2026-01-20,10:00 PM,New York Rangers,Los Angeles Kings
784,2026-01-20,7:00 PM,Minnesota Wild,Montreal Canadiens
785,2026-01-20,8:00 PM,Buffalo Sabres,Nashville Predators
786,2026-01-20,7:00 PM,San Jose Sharks,Tampa Bay Lightning
787,2026-01-20,8:00 PM,St. Louis Blues,Winnipeg Jets
788,2026-01-21,9:30 PM,Pittsburgh Penguins,Calgary Flames
789,2026-01-21,9:00 PM,Anaheim Ducks,Colorado Avalanche
790,2026-01-21,9:30 PM,New York Islanders,Seattle Kraken
791,2026-01-21,7:00 PM,Detroit Red Wings,Toronto Maple Leafs
792,2026-01-21,9:00 PM,Philadelphia Flyers,Utah Mammoth
793,2026-01-21,10:00 PM,Washington Capitals,Vancouver Canucks
794,2026-01-22,7:00 PM,Vegas Golden Knights,Boston Bruins
795,2026-01-22,7:00 PM,Chicago Blackhawks,Carolina Hurricanes
796,2026-01-22,7:00 PM,Dallas Stars,Columbus Blue Jackets
797,2026-01-22,9:00 PM,Pittsburgh Penguins,Edmonton Oilers
798,2026-01-22,9:30 PM,Detroit Red Wings,Minnesota Wild
799,2026-01-22,7:00 PM,Buffalo Sabres,Montreal Canadiens
800,2026-01-22,8:00 PM,Ottawa Senators,Nashville Predators
801,2026-01-22,8:00 PM,Florida Panthers,Winnipeg Jets
802,2026-01-23,9:00 PM,Washington Capitals,Calgary Flames
803,2026-01-23,7:00 PM,Tampa Bay Lightning,Chicago Blackhawks
804,2026-01-23,9:00 PM,Philadelphia Flyers,Colorado Avalanche
805,2026-01-23,8:00 PM,St. Louis Blues,Dallas Stars
806,2026-01-23,10:00 PM,Anaheim Ducks,Seattle Kraken
807,2026-01-23,10:00 PM,New York Rangers,San Jose Sharks
808,2026-01-23,7:00 PM,Vegas Golden Knights,Toronto Maple Leafs
809,2026-01-23,10:00 PM,New Jersey Devils,Vancouver Canucks
810,2026-01-24,7:00 PM,Montreal Canadiens,Boston Bruins
811,2026-01-24,7:00 PM,Tampa Bay Lightning,Columbus Blue Jackets
812,2026-01-24,10:00 PM,Washington Capitals,Edmonton Oilers
813,2026-01-24,9:00 PM,Florida Panthers,Minnesota Wild
814,2026-01-24,3:30 PM,Utah Mammoth,Nashville Predators
815,2026-01-24,1:00 PM,Buffalo Sabres,New York Islanders
816,2026-01-24,7:00 PM,Carolina Hurricanes,Ottawa Senators
817,2026-01-24,8:00 PM,Los Angeles Kings,St. Louis Blues
818,2026-01-24,7:00 PM,Detroit Red Wings,Winnipeg Jets
819,2026-01-25,8:00 PM,Anaheim Ducks,Calgary Flames
820,2026-01-25,7:00 PM,Florida Panthers,Chicago Blackhawks
821,2026-01-25,5:00 PM,Vegas Golden Knights,Ottawa Senators
822,2026-01-25,4:00 PM,New Jersey Devils,Seattle Kraken
823,2026-01-25,1:30 PM,Colorado Avalanche,Toronto Maple Leafs
824,2026-01-25,6:00 PM,Pittsburgh Penguins,Vancouver Canucks
825,2026-01-26,7:00 PM,Los Angeles Kings,Columbus Blue Jackets
826,2026-01-26,8:30 PM,Anaheim Ducks,Edmonton Oilers
827,2026-01-26,7:00 PM,Boston Bruins,New York Rangers
828,2026-01-26,7:00 PM,New York Islanders,Philadelphia Flyers
829,2026-01-26,7:00 PM,Utah Mammoth,Tampa Bay Lightning
830,2026-01-27,7:00 PM,Nashville Predators,Boston Bruins
831,2026-01-27,7:00 PM,Los Angeles Kings,Detroit Red Wings
832,2026-01-27,7:00 PM,Utah Mammoth,Florida Panthers
833,2026-01-27,8:00 PM,Chicago Blackhawks,Minnesota Wild
834,2026-01-27,7:00 PM,Vegas Golden Knights,Montreal Canadiens
835,2026-01-27,7:00 PM,Winnipeg Jets,New Jersey Devils
836,2026-01-27,10:00 PM,Washington Capitals,Seattle Kraken
837,2026-01-27,8:00 PM,Dallas Stars,St. Louis Blues
838,2026-01-27,7:00 PM,Buffalo Sabres,Toronto Maple Leafs
839,2026-01-27,10:00 PM,San Jose Sharks,Vancouver Canucks
840,2026-01-28,7:00 PM,Philadelphia Flyers,Columbus Blue Jackets
841,2026-01-28,7:30 PM,New York Rangers,New York Islanders
842,2026-01-28,7:30 PM,Colorado Avalanche,Ottawa Senators
843,2026-01-29,7:00 PM,Philadelphia Flyers,Boston Bruins
844,2026-01-29,7:00 PM,Los Angeles Kings,Buffalo Sabres
845,2026-01-29,7:00 PM,Utah Mammoth,Carolina Hurricanes
846,2026-01-29,7:30 PM,Washington Capitals,Detroit Red Wings
847,2026-01-29,9:00 PM,San Jose Sharks,Edmonton Oilers
848,2026-01-29,8:00 PM,Calgary Flames,Minnesota Wild
849,2026-01-29,7:00 PM,Colorado Avalanche,Montreal Canadiens
850,2026-01-29,7:00 PM,Nashville Predators,New Jersey Devils
851,2026-01-29,7:00 PM,New York Islanders,New York Rangers
852,2026-01-29,7:00 PM,Chicago Blackhawks,Pittsburgh Penguins
853,2026-01-29,10:00 PM,Toronto Maple Leafs,Seattle Kraken
854,2026-01-29,8:00 PM,Florida Panthers,St. Louis Blues
855,2026-01-29,7:00 PM,Winnipeg Jets,Tampa Bay Lightning
856,2026-01-29,10:00 PM,Anaheim Ducks,Vancouver Canucks
857,2026-01-29,10:00 PM,Dallas Stars,Vegas Golden Knights
858,2026-01-30,8:30 PM,Columbus Blue Jackets,Chicago Blackhawks
859,2026-01-31,7:00 PM,Montreal Canadiens,Buffalo Sabres
860,2026-01-31,4:00 PM,San Jose Sharks,Calgary Flames
861,2026-01-31,1:00 PM,Colorado Avalanche,Detroit Red Wings
862,2026-01-31,10:00 PM,Minnesota Wild,Edmonton Oilers
863,2026-01-31,4:00 PM,Winnipeg Jets,Florida Panthers
864,2026-01-31,7:00 PM,Nashville Predators,New York Islanders
865,2026-01-31,7:00 PM,New Jersey Devils,Ottawa Senators
866,2026-01-31,12:30 PM,Los Angeles Kings,Philadelphia Flyers
867,2026-01-31,3:30 PM,New York Rangers,Pittsburgh Penguins
868,2026-01-31,7:00 PM,Columbus Blue Jackets,St. Louis Blues
869,2026-01-31,9:00 PM,Dallas Stars,Utah Mammoth
870,2026-01-31,7:00 PM,Toronto Maple Leafs,Vancouver Canucks
871,2026-01-31,10:00 PM,Seattle Kraken,Vegas Golden Knights
872,2026-01-31,5:00 PM,Carolina Hurricanes,Washington Capitals
873,2026-02-01,9:30 PM,Vegas Golden Knights,Anaheim Ducks
874,2026-02-01,3:00 PM,Los Angeles Kings,Carolina Hurricanes
875,2026-02-01,1:00 PM,Boston Bruins,Tampa Bay Lightning
876,2026-02-02,10:00 PM,Toronto Maple Leafs,Calgary Flames
877,2026-02-02,8:30 PM,San Jose Sharks,Chicago Blackhawks
878,2026-02-02,9:00 PM,Detroit Red Wings,Colorado Avalanche
879,2026-02-02,8:30 PM,Winnipeg Jets,Dallas Stars
880,2026-02-02,7:00 PM,Buffalo Sabres,Florida Panthers
881,2026-02-02,7:30 PM,Montreal Canadiens,Minnesota Wild
882,2026-02-02,8:00 PM,St. Louis Blues,Nashville Predators
883,2026-02-02,7:00 PM,Ottawa Senators,Pittsburgh Penguins
884,2026-02-02,9:30 PM,Vancouver Canucks,Utah Mammoth
885,2026-02-02,7:00 PM,New York Islanders,Washington Capitals
886,2026-02-03,10:00 PM,Seattle Kraken,Anaheim Ducks
887,2026-02-03,7:00 PM,Ottawa Senators,Carolina Hurricanes
888,2026-02-03,8:30 PM,Toronto Maple Leafs,Edmonton Oilers
889,2026-02-03,7:00 PM,Columbus Blue Jackets,New Jersey Devils
890,2026-02-03,7:30 PM,Pittsburgh Penguins,New York Islanders
891,2026-02-03,7:00 PM,Washington Capitals,Philadelphia Flyers
892,2026-02-03,7:30 PM,Buffalo Sabres,Tampa Bay Lightning
893,2026-02-04,7:00 PM,Chicago Blackhawks,Columbus Blue Jackets
894,2026-02-04,10:00 PM,Edmonton Oilers,Calgary Flames
895,2026-02-04,9:00 PM,San Jose Sharks,Colorado Avalanche
896,2026-02-04,9:30 PM,St. Louis Blues,Dallas Stars
897,2026-02-04,7:00 PM,Boston Bruins,Florida Panthers
898,2026-02-04,10:00 PM,Seattle Kraken,Los Angeles Kings
899,2026-02-04,8:00 PM,Minnesota Wild,Nashville Predators
900,2026-02-04,9:00 PM,Detroit Red Wings,Utah Mammoth
901,2026-02-04,10:00 PM,Vancouver Canucks,Vegas Golden Knights
902,2026-02-04,7:00 PM,Montreal Canadiens,Winnipeg Jets
903,2026-02-05,7:00 PM,Pittsburgh Penguins,Buffalo Sabres
904,2026-02-05,7:00 PM,New York Islanders,New Jersey Devils
905,2026-02-05,7:00 PM,Carolina Hurricanes,New York Rangers
906,2026-02-05,7:00 PM,Ottawa Senators,Philadelphia Flyers
907,2026-02-05,7:30 PM,Florida Panthers,Tampa Bay Lightning
908,2026-02-05,10:00 PM,Los Angeles Kings,Vegas Golden Knights
909,2026-02-05,7:00 PM,Nashville Predators,Washington Capitals
910,2026-02-25,10:30 PM,Edmonton Oilers,Anaheim Ducks
911,2026-02-25,8:00 PM,Seattle Kraken,Dallas Stars
912,2026-02-25,10:00 PM,Vegas Golden Knights,Los Angeles Kings
913,2026-02-25,7:00 PM,Buffalo Sabres,New Jersey Devils
914,2026-02-25,7:30 PM,Toronto Maple Leafs,Tampa Bay Lightning
915,2026-02-25,9:00 PM,Colorado Avalanche,Utah Mammoth
916,2026-02-25,10:00 PM,Winnipeg Jets,Vancouver Canucks
917,2026-02-25,7:00 PM,Philadelphia Flyers,Washington Capitals
918,2026-02-26,7:00 PM,Columbus Blue Jackets,Boston Bruins
919,2026-02-26,7:00 PM,Tampa Bay Lightning,Carolina Hurricanes
920,2026-02-26,9:00 PM,Minnesota Wild,Colorado Avalanche
921,2026-02-26,7:00 PM,Toronto Maple Leafs,Florida Panthers
922,2026-02-26,10:30 PM,Edmonton Oilers,Los Angeles Kings
923,2026-02-26,7:00 PM,New York Islanders,Montreal Canadiens
924,2026-02-26,8:00 PM,Chicago Blackhawks,Nashville Predators
925,2026-02-26,8:00 PM,Philadelphia Flyers,New York Rangers
926,2026-02-26,7:00 PM,Detroit Red Wings,Ottawa Senators
927,2026-02-26,7:00 PM,New Jersey Devils,Pittsburgh Penguins
928,2026-02-26,10:00 PM,Calgary Flames,San Jose Sharks
929,2026-02-26,8:00 PM,Seattle Kraken,St. Louis Blues
930,2026-02-27,10:00 PM,Winnipeg Jets,Anaheim Ducks
931,2026-02-27,7:00 PM,Buffalo Sabres,Florida Panthers
932,2026-02-27,9:00 PM,Minnesota Wild,Utah Mammoth
933,2026-02-27,7:00 PM,Vegas Golden Knights,Washington Capitals
934,2026-02-28,7:00 PM,Detroit Red Wings,Carolina Hurricanes
935,2026-02-28,6:00 PM,New York Islanders,Columbus Blue Jackets
936,2026-02-28,6:00 PM,Chicago Blackhawks,Colorado Avalanche
937,2026-02-28,8:00 PM,Nashville Predators,Dallas Stars
938,2026-02-28,7:00 PM,Calgary Flames,Los Angeles Kings
939,2026-02-28,7:00 PM,Washington Capitals,Montreal Canadiens
940,2026-02-28,12:30 PM,Pittsburgh Penguins,New York Rangers
941,2026-02-28,3:00 PM,Boston Bruins,Philadelphia Flyers
942,2026-02-28,10:00 PM,Vancouver Canucks,Seattle Kraken
943,2026-02-28,4:00 PM,Edmonton Oilers,San Jose Sharks
944,2026-02-28,5:00 PM,New Jersey Devils,St. Louis Blues
945,2026-02-28,7:00 PM,Buffalo Sabres,Tampa Bay Lightning
946,2026-02-28,7:00 PM,Ottawa Senators,Toronto Maple Leafs
947,2026-03-01,8:00 PM,Calgary Flames,Anaheim Ducks
948,2026-03-01,5:00 PM,St. Louis Blues,Minnesota Wild
949,2026-03-01,6:30 PM,Florida Panthers,New York Islanders
950,2026-03-01,1:00 PM,Vegas Golden Knights,Pittsburgh Penguins
951,2026-03-01,4:00 PM,Winnipeg Jets,San Jose Sharks
952,2026-03-01,4:00 PM,Chicago Blackhawks,Utah Mammoth
953,2026-03-02,10:30 PM,Colorado Avalanche,Los Angeles Kings
954,2026-03-02,8:00 PM,Detroit Red Wings,Nashville Predators
955,2026-03-02,7:00 PM,Columbus Blue Jackets,New York Rangers
956,2026-03-02,10:00 PM,Carolina Hurricanes,Seattle Kraken
957,2026-03-02,7:30 PM,Philadelphia Flyers,Toronto Maple Leafs
958,2026-03-02,10:00 PM,Dallas Stars,Vancouver Canucks
959,2026-03-03,10:00 PM,Colorado Avalanche,Anaheim Ducks
960,2026-03-03,7:00 PM,Pittsburgh Penguins,Boston Bruins
961,2026-03-03,7:00 PM,Vegas Golden Knights,Buffalo Sabres
962,2026-03-03,7:00 PM,Nashville Predators,Columbus Blue Jackets
963,2026-03-03,9:00 PM,Dallas Stars,Calgary Flames
964,2026-03-03,9:00 PM,Ottawa Senators,Edmonton Oilers
965,2026-03-03,9:30 PM,Tampa Bay Lightning,Minnesota Wild
966,2026-03-03,7:00 PM,Florida Panthers,New Jersey Devils
967,2026-03-03,10:00 PM,Montreal Canadiens,San Jose Sharks
968,2026-03-03,8:00 PM,Chicago Blackhawks,Winnipeg Jets
969,2026-03-03,7:00 PM,Utah Mammoth,Washington Capitals
970,2026-03-04,10:00 PM,New York Islanders,Anaheim Ducks
971,2026-03-04,7:00 PM,Vegas Golden Knights,Detroit Red Wings
972,2026-03-04,7:00 PM,Toronto Maple Leafs,New Jersey Devils
973,2026-03-04,10:00 PM,St. Louis Blues,Seattle Kraken
974,2026-03-04,10:00 PM,Carolina Hurricanes,Vancouver Canucks
975,2026-03-05,7:00 PM,Florida Panthers,Columbus Blue Jackets
976,2026-03-05,9:00 PM,Ottawa Senators,Calgary Flames
977,2026-03-05,9:30 PM,New York Islanders,Los Angeles Kings
978,2026-03-05,8:00 PM,Boston Bruins,Nashville Predators
979,2026-03-05,7:00 PM,Toronto Maple Leafs,New York Rangers
980,2026-03-05,7:00 PM,Utah Mammoth,Philadelphia Flyers
981,2026-03-05,7:00 PM,Buffalo Sabres,Pittsburgh Penguins
982,2026-03-05,8:00 PM,Tampa Bay Lightning,Winnipeg Jets
983,2026-03-06,9:00 PM,Montreal Canadiens,Anaheim Ducks
984,2026-03-06,8:30 PM,Vancouver Canucks,Chicago Blackhawks
985,2026-03-06,8:00 PM,Colorado Avalanche,Dallas Stars
986,2026-03-06,7:00 PM,Florida Panthers,Detroit Red Wings
987,2026-03-06,9:00 PM,Carolina Hurricanes,Edmonton Oilers
988,2026-03-06,10:00 PM,St. Louis Blues,San Jose Sharks
989,2026-03-06,10:00 PM,Minnesota Wild,Vegas Golden Knights
990,2026-03-07,12:30 PM,Washington Capitals,Boston Bruins
991,2026-03-07,5:30 PM,Nashville Predators,Buffalo Sabres
992,2026-03-07,7:00 PM,Utah Mammoth,Columbus Blue Jackets
993,2026-03-07,10:00 PM,Carolina Hurricanes,Calgary Flames
994,2026-03-07,7:00 PM,Montreal Canadiens,Los Angeles Kings
995,2026-03-07,3:00 PM,New York Rangers,New Jersey Devils
996,2026-03-07,5:30 PM,Philadelphia Flyers,Pittsburgh Penguins
997,2026-03-07,10:00 PM,Ottawa Senators,Seattle Kraken
998,2026-03-07,10:00 PM,New York Islanders,San Jose Sharks
999,2026-03-07,7:00 PM,Tampa Bay Lightning,Toronto Maple Leafs
1000,2026-03-07,7:00 PM,Vancouver Canucks,Winnipeg Jets
1001,2026-03-08,9:00 PM,St. Louis Blues,Anaheim Ducks
1002,2026-03-08,6:00 PM,Tampa Bay Lightning,Buffalo Sabres
1003,2026-03-08,2:00 PM,Minnesota Wild,Colorado Avalanche
1004,2026-03-08,6:00 PM,Chicago Blackhawks,Dallas Stars
1005,2026-03-08,7:00 PM,Detroit Red Wings,New Jersey Devils
1006,2026-03-08,4:30 PM,Boston Bruins,Pittsburgh Penguins
1007,2026-03-08,9:30 PM,Edmonton Oilers,Vegas Golden Knights
1008,2026-03-09,8:30 PM,Utah Mammoth,Chicago Blackhawks
1009,2026-03-09,7:00 PM,New York Rangers,Philadelphia Flyers
1010,2026-03-09,9:00 PM,Ottawa Senators,Vancouver Canucks
1011,2026-03-09,7:00 PM,Calgary Flames,Washington Capitals
1012,2026-03-10,7:00 PM,Los Angeles Kings,Boston Bruins
1013,2026-03-10,7:00 PM,San Jose Sharks,Buffalo Sabres
1014,2026-03-10,7:00 PM,Pittsburgh Penguins,Carolina Hurricanes
1015,2026-03-10,10:00 PM,Edmonton Oilers,Colorado Avalanche
1016,2026-03-10,8:00 PM,Vegas Golden Knights,Dallas Stars
1017,2026-03-10,7:00 PM,Detroit Red Wings,Florida Panthers
1018,2026-03-10,8:00 PM,Utah Mammoth,Minnesota Wild
1019,2026-03-10,7:00 PM,Toronto Maple Leafs,Montreal Canadiens
1020,2026-03-10,7:00 PM,Calgary Flames,New York Rangers
1021,2026-03-10,10:00 PM,Nashville Predators,Seattle Kraken
1022,2026-03-10,7:30 PM,New York Islanders,St. Louis Blues
1023,2026-03-10,7:00 PM,Columbus Blue Jackets,Tampa Bay Lightning
1024,2026-03-10,8:30 PM,Anaheim Ducks,Winnipeg Jets
1025,2026-03-11,7:30 PM,Montreal Canadiens,Ottawa Senators
1026,2026-03-11,7:30 PM,Washington Capitals,Philadelphia Flyers
1027,2026-03-12,7:00 PM,San Jose Sharks,Boston Bruins
1028,2026-03-12,7:00 PM,Washington Capitals,Buffalo Sabres
1029,2026-03-12,7:00 PM,St. Louis Blues,Carolina Hurricanes
1030,2026-03-12,8:00 PM,Edmonton Oilers,Dallas Stars
1031,2026-03-12,7:00 PM,Columbus Blue Jackets,Florida Panthers
1032,2026-03-12,8:00 PM,Philadelphia Flyers,Minnesota Wild
1033,2026-03-12,7:00 PM,Calgary Flames,New Jersey Devils
1034,2026-03-12,10:00 PM,Colorado Avalanche,Seattle Kraken
1035,2026-03-12,7:00 PM,Detroit Red Wings,Tampa Bay Lightning
1036,2026-03-12,7:00 PM,Anaheim Ducks,Toronto Maple Leafs
1037,2026-03-12,9:00 PM,Chicago Blackhawks,Utah Mammoth
1038,2026-03-12,10:00 PM,Nashville Predators,Vancouver Canucks
1039,2026-03-12,10:00 PM,Pittsburgh Penguins,Vegas Golden Knights
1040,2026-03-12,8:00 PM,New York Rangers,Winnipeg Jets
1041,2026-03-13,7:00 PM,Los Angeles Kings,New York Islanders
1042,2026-03-13,8:00 PM,Edmonton Oilers,St. Louis Blues
1043,2026-03-14,7:00 PM,Toronto Maple Leafs,Buffalo Sabres
1044,2026-03-14,8:00 PM,Detroit Red Wings,Dallas Stars
1045,2026-03-14,6:00 PM,New York Rangers,Minnesota Wild
1046,2026-03-14,7:00 PM,San Jose Sharks,Montreal Canadiens
1047,2026-03-14,7:00 PM,Los Angeles Kings,New Jersey Devils
1048,2026-03-14,7:00 PM,Calgary Flames,New York Islanders
1049,2026-03-14,1:00 PM,Anaheim Ducks,Ottawa Senators
1050,2026-03-14,7:30 PM,Columbus Blue Jackets,Philadelphia Flyers
1051,2026-03-14,7:00 PM,Carolina Hurricanes,Tampa Bay Lightning
1052,2026-03-14,9:00 PM,Pittsburgh Penguins,Utah Mammoth
1053,2026-03-14,10:00 PM,Seattle Kraken,Vancouver Canucks
1054,2026-03-14,10:00 PM,Chicago Blackhawks,Vegas Golden Knights
1055,2026-03-14,4:00 PM,Colorado Avalanche,Winnipeg Jets
1056,2026-03-14,3:00 PM,Boston Bruins,Washington Capitals
1057,2026-03-15,8:00 PM,Nashville Predators,Edmonton Oilers
1058,2026-03-15,7:30 PM,Toronto Maple Leafs,Minnesota Wild
1059,2026-03-15,7:00 PM,Anaheim Ducks,Montreal Canadiens
1060,2026-03-15,5:00 PM,San Jose Sharks,Ottawa Senators
1061,2026-03-15,8:00 PM,Florida Panthers,Seattle Kraken
1062,2026-03-15,3:00 PM,St. Louis Blues,Winnipeg Jets
1063,2026-03-16,9:30 PM,Pittsburgh Penguins,Colorado Avalanche
1064,2026-03-16,8:00 PM,Utah Mammoth,Dallas Stars
1065,2026-03-16,7:00 PM,Calgary Flames,Detroit Red Wings
1066,2026-03-16,7:00 PM,Boston Bruins,New Jersey Devils
1067,2026-03-16,7:00 PM,Los Angeles Kings,New York Rangers
1068,2026-03-17,7:00 PM,Carolina Hurricanes,Columbus Blue Jackets
1069,2026-03-17,7:30 PM,Minnesota Wild,Chicago Blackhawks
1070,2026-03-17,9:00 PM,San Jose Sharks,Edmonton Oilers
1071,2026-03-17,7:00 PM,Boston Bruins,Montreal Canadiens
1072,2026-03-17,10:00 PM,Tampa Bay Lightning,Seattle Kraken
1073,2026-03-17,7:00 PM,New York Islanders,Toronto Maple Leafs
1074,2026-03-17,10:00 PM,Florida Panthers,Vancouver Canucks
1075,2026-03-17,10:00 PM,Buffalo Sabres,Vegas Golden Knights
1076,2026-03-17,8:00 PM,Nashville Predators,Winnipeg Jets
1077,2026-03-18,10:00 PM,Philadelphia Flyers,Anaheim Ducks
1078,2026-03-18,7:00 PM,Pittsburgh Penguins,Carolina Hurricanes
1079,2026-03-18,9:30 PM,St. Louis Blues,Calgary Flames
1080,2026-03-18,9:30 PM,Dallas Stars,Colorado Avalanche
1081,2026-03-18,7:00 PM,New Jersey Devils,New York Rangers
1082,2026-03-18,7:30 PM,Ottawa Senators,Washington Capitals
1083,2026-03-19,7:00 PM,Winnipeg Jets,Boston Bruins
1084,2026-03-19,7:00 PM,New York Rangers,Columbus Blue Jackets
1085,2026-03-19,7:00 PM,Montreal Canadiens,Detroit Red Wings
1086,2026-03-19,9:00 PM,Florida Panthers,Edmonton Oilers
1087,2026-03-19,10:30 PM,Philadelphia Flyers,Los Angeles Kings
1088,2026-03-19,7:30 PM,Chicago Blackhawks,Minnesota Wild
1089,2026-03-19,8:00 PM,Seattle Kraken,Nashville Predators
1090,2026-03-19,7:00 PM,New York Islanders,Ottawa Senators
1091,2026-03-19,10:00 PM,Buffalo Sabres,San Jose Sharks
1092,2026-03-19,10:00 PM,Tampa Bay Lightning,Vancouver Canucks
1093,2026-03-19,10:00 PM,Utah Mammoth,Vegas Golden Knights
1094,2026-03-20,9:00 PM,Florida Panthers,Calgary Flames
1095,2026-03-20,8:30 PM,Colorado Avalanche,Chicago Blackhawks
1096,2026-03-20,7:00 PM,Carolina Hurricanes,Toronto Maple Leafs
1097,2026-03-20,10:00 PM,Anaheim Ducks,Utah Mammoth
1098,2026-03-20,7:00 PM,New Jersey Devils,Washington Capitals
1099,2026-03-21,5:00 PM,Seattle Kraken,Columbus Blue Jackets
1100,2026-03-21,8:00 PM,Boston Bruins,Detroit Red Wings
1101,2026-03-21,10:00 PM,Tampa Bay Lightning,Edmonton Oilers
1102,2026-03-21,4:00 PM,Buffalo Sabres,Los Angeles Kings
1103,2026-03-21,4:00 PM,Dallas Stars,Minnesota Wild
1104,2026-03-21,7:00 PM,New York Islanders,Montreal Canadiens
1105,2026-03-21,2:00 PM,Vegas Golden Knights,Nashville Predators
1106,2026-03-21,7:00 PM,Toronto Maple Leafs,Ottawa Senators
1107,2026-03-21,1:00 PM,Winnipeg Jets,Pittsburgh Penguins
1108,2026-03-21,4:00 PM,Philadelphia Flyers,San Jose Sharks
1109,2026-03-21,7:00 PM,St. Louis Blues,Vancouver Canucks
1110,2026-03-22,8:00 PM,Buffalo Sabres,Anaheim Ducks
1111,2026-03-22,8:00 PM,Tampa Bay Lightning,Calgary Flames
1112,2026-03-22,3:00 PM,Nashville Predators,Chicago Blackhawks
1113,2026-03-22,7:00 PM,Vegas Golden Knights,Dallas Stars
1114,2026-03-22,7:00 PM,Columbus Blue Jackets,New York Islanders
1115,2026-03-22,12:00 PM,Winnipeg Jets,New York Rangers
1116,2026-03-22,3:00 PM,Carolina Hurricanes,Pittsburgh Penguins
1117,2026-03-22,9:00 PM,Los Angeles Kings,Utah Mammoth
1118,2026-03-22,12:30 PM,Colorado Avalanche,Washington Capitals
1119,2026-03-23,7:30 PM,Ottawa Senators,New York Rangers
1120,2026-03-24,7:00 PM,Toronto Maple Leafs,Boston Bruins
1121,2026-03-24,9:00 PM,Los Angeles Kings,Calgary Flames
1122,2026-03-24,8:00 PM,New Jersey Devils,Dallas Stars
1123,2026-03-24,7:00 PM,Ottawa Senators,Detroit Red Wings
1124,2026-03-24,7:00 PM,Seattle Kraken,Florida Panthers
1125,2026-03-24,7:00 PM,Carolina Hurricanes,Montreal Canadiens
1126,2026-03-24,8:00 PM,San Jose Sharks,Nashville Predators
1127,2026-03-24,7:00 PM,Chicago Blackhawks,New York Islanders
1128,2026-03-24,7:00 PM,Columbus Blue Jackets,Philadelphia Flyers
1129,2026-03-24,7:00 PM,Colorado Avalanche,Pittsburgh Penguins
1130,2026-03-24,8:00 PM,Washington Capitals,St. Louis Blues
1131,2026-03-24,7:30 PM,Minnesota Wild,Tampa Bay Lightning
1132,2026-03-24,9:30 PM,Edmonton Oilers,Utah Mammoth
1133,2026-03-24,10:00 PM,Anaheim Ducks,Vancouver Canucks
1134,2026-03-24,8:00 PM,Vegas Golden Knights,Winnipeg Jets
1135,2026-03-25,7:00 PM,Boston Bruins,Buffalo Sabres
1136,2026-03-25,7:30 PM,New York Rangers,Toronto Maple Leafs
1137,2026-03-26,9:00 PM,Anaheim Ducks,Calgary Flames
1138,2026-03-26,7:00 PM,Minnesota Wild,Florida Panthers
1139,2026-03-26,7:00 PM,Columbus Blue Jackets,Montreal Canadiens
1140,2026-03-26,8:00 PM,New Jersey Devils,Nashville Predators
1141,2026-03-26,7:00 PM,Dallas Stars,New York Islanders
1142,2026-03-26,7:00 PM,Pittsburgh Penguins,Ottawa Senators
1143,2026-03-26,7:00 PM,Chicago Blackhawks,Philadelphia Flyers
1144,2026-03-26,8:00 PM,San Jose Sharks,St. Louis Blues
1145,2026-03-26,7:00 PM,Seattle Kraken,Tampa Bay Lightning
1146,2026-03-26,9:00 PM,Washington Capitals,Utah Mammoth
1147,2026-03-26,10:00 PM,Los Angeles Kings,Vancouver Canucks
1148,2026-03-26,9:30 PM,Edmonton Oilers,Vegas Golden Knights
1149,2026-03-26,8:00 PM,Colorado Avalanche,Winnipeg Jets
1150,2026-03-27,7:00 PM,Detroit Red Wings,Buffalo Sabres
1151,2026-03-27,7:00 PM,Chicago Blackhawks,New York Rangers
1152,2026-03-28,5:00 PM,Minnesota Wild,Boston Bruins
1153,2026-03-28,5:30 PM,Seattle Kraken,Buffalo Sabres
1154,2026-03-28,5:00 PM,New Jersey Devils,Carolina Hurricanes
1155,2026-03-28,5:00 PM,San Jose Sharks,Columbus Blue Jackets
1156,2026-03-28,10:00 PM,Vancouver Canucks,Calgary Flames
1157,2026-03-28,7:00 PM,Winnipeg Jets,Colorado Avalanche
1158,2026-03-28,8:00 PM,Philadelphia Flyers,Detroit Red Wings
1159,2026-03-28,3:30 PM,Anaheim Ducks,Edmonton Oilers
1160,2026-03-28,9:00 PM,Utah Mammoth,Los Angeles Kings
1161,2026-03-28,7:00 PM,Montreal Canadiens,Nashville Predators
1162,2026-03-28,1:00 PM,Florida Panthers,New York Islanders
1163,2026-03-28,5:00 PM,Dallas Stars,Pittsburgh Penguins
1164,2026-03-28,7:00 PM,Toronto Maple Leafs,St. Louis Blues
1165,2026-03-28,1:00 PM,Ottawa Senators,Tampa Bay Lightning
1166,2026-03-28,10:30 PM,Washington Capitals,Vegas Golden Knights
1167,2026-03-29,5:00 PM,Montreal Canadiens,Carolina Hurricanes
1168,2026-03-29,5:00 PM,Boston Bruins,Columbus Blue Jackets
1169,2026-03-29,7:00 PM,Chicago Blackhawks,New Jersey Devils
1170,2026-03-29,1:00 PM,Florida Panthers,New York Rangers
1171,2026-03-29,7:00 PM,Dallas Stars,Philadelphia Flyers
1172,2026-03-29,5:00 PM,Nashville Predators,Tampa Bay Lightning
1173,2026-03-30,10:00 PM,Toronto Maple Leafs,Anaheim Ducks
1174,2026-03-30,8:30 PM,Calgary Flames,Colorado Avalanche
1175,2026-03-30,7:00 PM,Pittsburgh Penguins,New York Islanders
1176,2026-03-30,10:00 PM,St. Louis Blues,San Jose Sharks
1177,2026-03-30,10:00 PM,Vancouver Canucks,Vegas Golden Knights
1178,2026-03-31,7:00 PM,Dallas Stars,Boston Bruins
1179,2026-03-31,7:00 PM,New York Islanders,Buffalo Sabres
1180,2026-03-31,7:30 PM,Carolina Hurricanes,Columbus Blue Jackets
1181,2026-03-31,8:30 PM,Winnipeg Jets,Chicago Blackhawks
1182,2026-03-31,9:00 PM,Seattle Kraken,Edmonton Oilers
1183,2026-03-31,7:00 PM,Ottawa Senators,Florida Panthers
1184,2026-03-31,7:00 PM,New Jersey Devils,New York Rangers
1185,2026-03-31,7:00 PM,Detroit Red Wings,Pittsburgh Penguins
1186,2026-03-31,7:00 PM,Montreal Canadiens,Tampa Bay Lightning
1187,2026-03-31,7:00 PM,Philadelphia Flyers,Washington Capitals
1188,2026-04-01,8:30 PM,Vancouver Canucks,Colorado Avalanche
1189,2026-04-01,9:00 PM,St. Louis Blues,Los Angeles Kings
1190,2026-04-01,10:00 PM,Anaheim Ducks,San Jose Sharks
1191,2026-04-02,7:00 PM,Columbus Blue Jackets,Carolina Hurricanes
1192,2026-04-02,8:00 PM,Winnipeg Jets,Dallas Stars
1193,2026-04-02,9:00 PM,Chicago Blackhawks,Edmonton Oilers
1194,2026-04-02,7:00 PM,Boston Bruins,Florida Panthers
1195,2026-04-02,10:30 PM,Nashville Predators,Los Angeles Kings
1196,2026-04-02,8:00 PM,Vancouver Canucks,Minnesota Wild
1197,2026-04-02,7:30 PM,Washington Capitals,New Jersey Devils
1198,2026-04-02,7:00 PM,Montreal Canadiens,New York Rangers
1199,2026-04-02,7:00 PM,Buffalo Sabres,Ottawa Senators
1200,2026-04-02,7:00 PM,Detroit Red Wings,Philadelphia Flyers
1201,2026-04-02,10:00 PM,Utah Mammoth,Seattle Kraken
1202,2026-04-02,10:00 PM,Toronto Maple Leafs,San Jose Sharks
1203,2026-04-02,7:00 PM,Pittsburgh Penguins,Tampa Bay Lightning
1204,2026-04-02,10:00 PM,Calgary Flames,Vegas Golden Knights
1205,2026-04-03,10:00 PM,St. Louis Blues,Anaheim Ducks
1206,2026-04-03,7:00 PM,Philadelphia Flyers,New York Islanders
1207,2026-04-04,10:00 PM,Calgary Flames,Anaheim Ducks
1208,2026-04-04,7:00 PM,New York Islanders,Carolina Hurricanes
1209,2026-04-04,7:00 PM,Winnipeg Jets,Columbus Blue Jackets
1210,2026-04-04,3:00 PM,Colorado Avalanche,Dallas Stars
1211,2026-04-04,10:00 PM,Vegas Golden Knights,Edmonton Oilers
1212,2026-04-04,7:00 PM,Toronto Maple Leafs,Los Angeles Kings
1213,2026-04-04,7:00 PM,Montreal Canadiens,New Jersey Devils
1214,2026-04-04,12:30 PM,Detroit Red Wings,New York Rangers
1215,2026-04-04,1:00 PM,Minnesota Wild,Ottawa Senators
1216,2026-04-04,5:00 PM,Florida Panthers,Pittsburgh Penguins
1217,2026-04-04,10:00 PM,Chicago Blackhawks,Seattle Kraken
1218,2026-04-04,10:00 PM,Nashville Predators,San Jose Sharks
1219,2026-04-04,5:00 PM,Boston Bruins,Tampa Bay Lightning
1220,2026-04-04,7:00 PM,Utah Mammoth,Vancouver Canucks
1221,2026-04-04,7:00 PM,Buffalo Sabres,Washington Capitals
1222,2026-04-05,9:30 PM,St. Louis Blues,Colorado Avalanche
1223,2026-04-05,1:00 PM,Minnesota Wild,Detroit Red Wings
1224,2026-04-05,7:00 PM,New Jersey Devils,Montreal Canadiens
1225,2026-04-05,7:00 PM,Washington Capitals,New York Rangers
1226,2026-04-05,5:00 PM,Carolina Hurricanes,Ottawa Senators
1227,2026-04-05,3:30 PM,Boston Bruins,Philadelphia Flyers
1228,2026-04-05,3:00 PM,Florida Panthers,Pittsburgh Penguins
1229,2026-04-06,7:00 PM,Tampa Bay Lightning,Buffalo Sabres
1230,2026-04-06,10:30 PM,Nashville Predators,Los Angeles Kings
1231,2026-04-06,10:00 PM,Chicago Blackhawks,San Jose Sharks
1232,2026-04-06,7:30 PM,Seattle Kraken,Winnipeg Jets
1233,2026-04-07,10:00 PM,Nashville Predators,Anaheim Ducks
1234,2026-04-07,7:00 PM,Boston Bruins,Carolina Hurricanes
1235,2026-04-07,8:00 PM,Calgary Flames,Dallas Stars
1236,2026-04-07,7:00 PM,Columbus Blue Jackets,Detroit Red Wings
1237,2026-04-07,8:00 PM,Seattle Kraken,Minnesota Wild
1238,2026-04-07,7:00 PM,Florida Panthers,Montreal Canadiens
1239,2026-04-07,7:00 PM,Philadelphia Flyers,New Jersey Devils
1240,2026-04-07,7:00 PM,Tampa Bay Lightning,Ottawa Senators
1241,2026-04-07,8:00 PM,Colorado Avalanche,St. Louis Blues
1242,2026-04-07,9:30 PM,Edmonton Oilers,Utah Mammoth
1243,2026-04-07,10:00 PM,Vegas Golden Knights,Vancouver Canucks
1244,2026-04-08,7:00 PM,Buffalo Sabres,New York Rangers
1245,2026-04-08,10:00 PM,Edmonton Oilers,San Jose Sharks
1246,2026-04-08,7:30 PM,Washington Capitals,Toronto Maple Leafs
1247,2026-04-09,10:00 PM,San Jose Sharks,Anaheim Ducks
1248,2026-04-09,7:00 PM,Columbus Blue Jackets,Buffalo Sabres
1249,2026-04-09,8:30 PM,Carolina Hurricanes,Chicago Blackhawks
1250,2026-04-09,9:00 PM,Calgary Flames,Colorado Avalanche
1251,2026-04-09,9:00 PM,Minnesota Wild,Dallas Stars
1252,2026-04-09,6:30 PM,Philadelphia Flyers,Detroit Red Wings
1253,2026-04-09,10:30 PM,Vancouver Canucks,Los Angeles Kings
1254,2026-04-09,7:00 PM,Tampa Bay Lightning,Montreal Canadiens
1255,2026-04-09,7:00 PM,Pittsburgh Penguins,New Jersey Devils
1256,2026-04-09,7:00 PM,Toronto Maple Leafs,New York Islanders
1257,2026-04-09,7:00 PM,Florida Panthers,Ottawa Senators
1258,2026-04-09,10:00 PM,Vegas Golden Knights,Seattle Kraken
1259,2026-04-09,8:00 PM,Winnipeg Jets,St. Louis Blues
1260,2026-04-09,9:00 PM,Nashville Predators,Utah Mammoth
1261,2026-04-11,12:30 PM,Tampa Bay Lightning,Boston Bruins
1262,2026-04-11,5:00 PM,St. Louis Blues,Chicago Blackhawks
1263,2026-04-11,8:00 PM,Vegas Golden Knights,Colorado Avalanche
1264,2026-04-11,5:00 PM,New York Rangers,Dallas Stars
1265,2026-04-11,5:00 PM,New Jersey Devils,Detroit Red Wings
1266,2026-04-11,4:00 PM,Edmonton Oilers,Los Angeles Kings
1267,2026-04-11,7:00 PM,Columbus Blue Jackets,Montreal Canadiens
1268,2026-04-11,5:00 PM,Minnesota Wild,Nashville Predators
1269,2026-04-11,1:00 PM,Ottawa Senators,New York Islanders
1270,2026-04-11,3:00 PM,Washington Capitals,Pittsburgh Penguins
1271,2026-04-11,7:00 PM,Calgary Flames,Seattle Kraken
1272,2026-04-11,10:00 PM,Vancouver Canucks,San Jose Sharks
1273,2026-04-11,7:00 PM,Florida Panthers,Toronto Maple Leafs
1274,2026-04-11,5:00 PM,Carolina Hurricanes,Utah Mammoth
1275,2026-04-11,7:00 PM,Philadelphia Flyers,Winnipeg Jets
1276,2026-04-12,8:00 PM,Vancouver Canucks,Anaheim Ducks
1277,2026-04-12,6:00 PM,Boston Bruins,Columbus Blue Jackets
1278,2026-04-12,9:00 PM,Utah Mammoth,Calgary Flames
1279,2026-04-12,7:00 PM,Ottawa Senators,New Jersey Devils
1280,2026-04-12,6:00 PM,Montreal Canadiens,New York Islanders
1281,2026-04-12,3:00 PM,Pittsburgh Penguins,Washington Capitals
1282,2026-04-13,8:30 PM,Buffalo Sabres,Chicago Blackhawks
1283,2026-04-13,9:30 PM,Colorado Avalanche,Edmonton Oilers
1284,2026-04-13,7:00 PM,New York Rangers,Florida Panthers
1285,2026-04-13,8:00 PM,San Jose Sharks,Nashville Predators
1286,2026-04-13,7:00 PM,Carolina Hurricanes,Philadelphia Flyers
1287,2026-04-13,9:30 PM,Los Angeles Kings,Seattle Kraken
1288,2026-04-13,8:00 PM,Minnesota Wild,St. Louis Blues
1289,2026-04-13,7:00 PM,Detroit Red Wings,Tampa Bay Lightning
1290,2026-04-13,7:30 PM,Dallas Stars,Toronto Maple Leafs
1291,2026-04-13,10:00 PM,Winnipeg Jets,Vegas Golden Knights
1292,2026-04-14,7:00 PM,New Jersey Devils,Boston Bruins
1293,2026-04-14,7:00 PM,Washington Capitals,Columbus Blue Jackets
1294,2026-04-14,9:00 PM,Colorado Avalanche,Calgary Flames
1295,2026-04-14,8:00 PM,Anaheim Ducks,Minnesota Wild
1296,2026-04-14,7:00 PM,Carolina Hurricanes,New York Islanders
1297,2026-04-14,7:00 PM,Montreal Canadiens,Philadelphia Flyers
1298,2026-04-14,9:30 PM,Pittsburgh Penguins,St. Louis Blues
1299,2026-04-14,9:00 PM,Winnipeg Jets,Utah Mammoth
1300,2026-04-14,10:00 PM,Los Angeles Kings,Vancouver Canucks
1301,2026-04-15,7:00 PM,Dallas Stars,Buffalo Sabres
1302,2026-04-15,8:30 PM,San Jose Sharks,Chicago Blackhawks
1303,2026-04-15,7:00 PM,Detroit Red Wings,Florida Panthers
1304,2026-04-15,7:30 PM,Toronto Maple Leafs,Ottawa Senators
1305,2026-04-15,7:00 PM,New York Rangers,Tampa Bay Lightning
1306,2026-04-15,10:00 PM,Seattle Kraken,Vegas Golden Knights
1307,2026-04-16,9:00 PM,Los Angeles Kings,Calgary Flames
1308,2026-04-16,10:30 PM,Seattle Kraken,Colorado Avalanche
1309,2026-04-16,9:00 PM,Vancouver Canucks,Edmonton Oilers
1310,2026-04-16,8:00 PM,Anaheim Ducks,Nashville Predators
1311,2026-04-16,8:00 PM,St. Louis Blues,Utah Mammoth
1312,2026-04-16,8:00 PM,San Jose Sharks,Winnipeg Jets
